ID,DECISION,STATUS,RATIONALE,EVIDENCE,CONSTRAINTS,LEGAL NOTES,DATE,SUPERSEDES
C001,ZERO CV w procesie; przyszły import tylko prywatny,LOCKED,CV — §2: dokument nigdy do firmy,R001; FOUNDER DECISION,Prawo i bezpieczeństwo nadrzędne; LOCKED nie oznacza wdrożone ani prawnie dopuszczone.,GDPR REVIEW,2026-09-16,Brak wymaganego CV; prywatny import później
C002,Serwerowa projekcja z imieniem i kontrolą ujawnienia telefonu po awansie,LOCKED,"Tożsamość pierwszego etapu — §3: imię dozwolone; nazwisko, zdjęcie, wiek, telefon ukryte",R002; FOUNDER DECISION; skuteczność HYPOTHESIS,Prawo i bezpieczeństwo nadrzędne; LOCKED nie oznacza wdrożone ani prawnie dopuszczone.,GDPR REVIEW,2026-09-16,Pseudonim i późniejsze ujawnienie
C003,Zakaz także w późniejszych projekcjach; zadania i praktyka zamiast etykiet,LOCKED,Historia stanowisk i firm — §4: nie pokazujemy tytułów i firm,R003; FOUNDER DECISION,Prawo i bezpieczeństwo nadrzędne; LOCKED nie oznacza wdrożone ani prawnie dopuszczone.,GDPR REVIEW,2026-09-16,Historia jako opcjonalny kontekst
C004,Proposal nie jest SkillClaim; tytuł pracy nie dowodzi wykonywania czynności,LOCKED,"AI tłumaczy doświadczenie — §5,33: każda propozycja zatwierdzana",R004; FOUNDER DECISION,Prawo i bezpieczeństwo nadrzędne; LOCKED nie oznacza wdrożone ani prawnie dopuszczone.,AI/GDPR REVIEW,2026-09-16,Confirmed/inferred/unknown
C005,Cztery sekcje; krótki start bez obowiązkowego testu lub liczby kompetencji,LOCKED,"Cztery części profilu — §6: potrafię, rozwijam, chcę, mam doświadczenie",R005; FOUNDER DECISION; UX TEST FIRST,Prawo i bezpieczeństwo nadrzędne; LOCKED nie oznacza wdrożone ani prawnie dopuszczone.,GDPR REVIEW,2026-09-16,5–8 kompetencji w pilocie
C006,Nie zrównywać automatycznie hobby i pracy; nie dyskwalifikować hobby,LOCKED,"Źródła kompetencji — §6,32: źródło, poziom, praktyka, dowód, weryfikacja",R006; FOUNDER DECISION,Prawo i bezpieczeństwo nadrzędne; LOCKED nie oznacza wdrożone ani prawnie dopuszczone.,FAIRNESS REVIEW,2026-09-16,Dowody rozdzielone
C007,Podstawy / samodzielnie / swobodnie z kotwicą zadaniową,LOCKED,Poziomy kompetencji — §7: poziomy opisowe,R007; FOUNDER DECISION; kotwice TEST FIRST,Prawo i bezpieczeństwo nadrzędne; LOCKED nie oznacza wdrożone ani prawnie dopuszczone.,FAIRNESS REVIEW,2026-09-16,Rozbudowana skala domenowa
C008,Brak doświadczenia nie blokuje konta ani wartości; profil aspiracji dozwolony,LOCKED,"Początkujący — §8,41: inkluzywne grupy",R008; FOUNDER DECISION,Prawo i bezpieczeństwo nadrzędne; LOCKED nie oznacza wdrożone ani prawnie dopuszczone.,EQUALITY REVIEW,2026-09-16,Wąski pierwszy segment
C009,Nauka nie jest blokadą; firma opisuje realną pomoc,LOCKED,Nauczymy Cię — §9: MUST/NICE/WILL_TEACH,R009; FOUNDER DECISION,Prawo i bezpieczeństwo nadrzędne; LOCKED nie oznacza wdrożone ani prawnie dopuszczone.,CLAIM ACCURACY,2026-09-16,Growth Match
C010,Wyjaśnienie bez globalnego werdyktu o człowieku,LOCKED,"Droga do tej pracy — §10: posiadane, luki, bariery, nauka",R010; FOUNDER DECISION; UX TEST FIRST,Prawo i bezpieczeństwo nadrzędne; LOCKED nie oznacza wdrożone ani prawnie dopuszczone.,AI/GDPR REVIEW,2026-09-16,Eligibility/Growth
C011,Spełnione/niepotwierdzone/niespełnione na wymaganie,LOCKED,"Explainable matching — §11: konkrety, nie MATCH82",R011; FOUNDER DECISION,Prawo i bezpieczeństwo nadrzędne; LOCKED nie oznacza wdrożone ani prawnie dopuszczone.,AI/GDPR REVIEW,2026-09-16,"Pięć wymiarów, nie magiczne %"
C012,IMMEDIATE/AFTER_PERIOD/ON_DATE; czas odniesienia i data aktualizacji,LOCKED,Dostępność rozpoczęcia — §12: realna deklaracja,R012; FOUNDER DECISION,Prawo i bezpieczeństwo nadrzędne; LOCKED nie oznacza wdrożone ani prawnie dopuszczone.,GDPR REVIEW,2026-09-16,Preferencje profilu
C013,Wersjonowane fakty pracodawcy; AI jedynie redakcja draftu,LOCKED,Natywna oferta — §13: wspólny model,R013; FOUNDER DECISION,Prawo i bezpieczeństwo nadrzędne; LOCKED nie oznacza wdrożone ani prawnie dopuszczone.,EMPLOYMENT REVIEW,2026-09-16,Wspólny kreator
C014,Pierwsza merytoryczna odpowiedź i późniejsze deadline osobno,LOCKED,Dwa zegary — §14: reakcja oraz późniejszy proces,R014; FOUNDER DECISION,Prawo i bezpieczeństwo nadrzędne; LOCKED nie oznacza wdrożone ani prawnie dopuszczone.,CLAIM ACCURACY,2026-09-16,SLA i postęp oddzielnie
C015,ReasonCode oraz requirementId przy porównaniu; brak fikcyjnego braku kompetencji,LOCKED,Powód odrzucenia — §15: konkretne wymaganie,R015; FOUNDER DECISION; skuteczność HYPOTHESIS,Prawo i bezpieczeństwo nadrzędne; LOCKED nie oznacza wdrożone ani prawnie dopuszczone.,EQUALITY/GDPR REVIEW,2026-09-16,Ustrukturyzowany powód
C016,"Takie same prawa korekty i odwołania, różne obowiązki ról",LOCKED,Symetria odpowiedzialności — §16: odpowiedzialność obu stron,R016; FOUNDER DECISION,Prawo i bezpieczeństwo nadrzędne; LOCKED nie oznacza wdrożone ani prawnie dopuszczone.,GDPR/DSA REVIEW,2026-09-16,Brak globalnej reputacji ludzi
C017,Sygnał do sprawy moderacyjnej; nigdy automatyczna etykieta oszustwa,LOCKED,"Ghost jobs — §17: wzorzec, nie intencja",R017; FOUNDER DECISION; detekcja TEST FIRST,Prawo i bezpieczeństwo nadrzędne; LOCKED nie oznacza wdrożone ani prawnie dopuszczone.,MODERATION REVIEW,2026-09-16,Moderacja i antyrepost
C018,Reconfirmation i pauza nowych zgłoszeń; istniejące procesy nadal obsługiwane,LOCKED,Aktualność ofert — §18: okresowe potwierdzenie,R018; FOUNDER DECISION; okres TEST FIRST,Prawo i bezpieczeństwo nadrzędne; LOCKED nie oznacza wdrożone ani prawnie dopuszczone.,PLATFORM TERMS,2026-09-16,Potwierdzenia i zamknięcie
C019,Snapshot wersji przy zainteresowaniu; odróżnij zmianę danych i nowy szacunek netto,LOCKED,Diff oferty — §19: konkretny diff,R019; FOUNDER DECISION,Prawo i bezpieczeństwo nadrzędne; LOCKED nie oznacza wdrożone ani prawnie dopuszczone.,GDPR/CONTRACT REVIEW,2026-09-16,Wersjonowanie już zalecane
C020,Watchlist poza employer API i analytics; oddzielny consent kanałów,LOCKED,"Obserwowanie — §20: prywatne, nie zgłoszenie",R020; FOUNDER DECISION,Prawo i bezpieczeństwo nadrzędne; LOCKED nie oznacza wdrożone ani prawnie dopuszczone.,GDPR/PKE REVIEW,2026-09-16,Nie rdzeń delty
C021,"Szacunki, źródła, daty, założenia; nie wymuszamy dokładnego adresu",LOCKED,"Job Economics — §21,48: koszty i czas osobno",R021; FOUNDER DECISION; efekt HYPOTHESIS,Prawo i bezpieczeństwo nadrzędne; LOCKED nie oznacza wdrożone ani prawnie dopuszczone.,TAX/DATA LICENSE REVIEW,2026-09-16,Nie pełny engine
C022,Nie implementować ani ukrytej pochodnej tej miary,REJECTED,Effective Hourly Value — §22: odrzucone,R022; FOUNDER DECISION,Prawo i bezpieczeństwo nadrzędne; LOCKED nie oznacza wdrożone ani prawnie dopuszczone.,NOT APPLICABLE,2026-09-16,Nie rdzeń
C023,Porównywalne podstawy i jawne braki danych; czas nie monetyzowany,LOCKED,Porównywarka — §23: wpływ na życie bez Life Score,R023; FOUNDER DECISION; UX TEST FIRST,Prawo i bezpieczeństwo nadrzędne; LOCKED nie oznacza wdrożone ani prawnie dopuszczone.,TAX REVIEW,2026-09-16,Dopasowanie bez jednej liczby
C024,Jawny filtr wybrany przez kandydata; unknown nie jest spełnione ani niespełnione,LOCKED,Hard constraints — §24: osobne twarde granice,R024; FOUNDER DECISION,Prawo i bezpieczeństwo nadrzędne; LOCKED nie oznacza wdrożone ani prawnie dopuszczone.,FAIRNESS REVIEW,2026-09-16,Eligibility/preferencje
C025,"To samo DTO i polityka co rzeczywista projekcja, nie makieta",LOCKED,Podgląd pracodawcy — §25: dokładny podgląd,R025; FOUNDER DECISION,Prawo i bezpieczeństwo nadrzędne; LOCKED nie oznacza wdrożone ani prawnie dopuszczone.,GDPR REVIEW,2026-09-16,Snapshot udostępniania
C026,Timer serwerowy od jawnego Start; deadline niezależny,LOCKED,"Assessment Center — §26: typ, liczba, limit, termin przed Start",R026; FOUNDER DECISION,Prawo i bezpieczeństwo nadrzędne; LOCKED nie oznacza wdrożone ani prawnie dopuszczone.,AI/GDPR/EQUALITY REVIEW,2026-09-16,Wersjonowane zadania
C027,Draft→review→approved version; edycja unieważnia approval,LOCKED,AI test draft — §27: zatwierdza pracodawca,R027; FOUNDER DECISION,Prawo i bezpieczeństwo nadrzędne; LOCKED nie oznacza wdrożone ani prawnie dopuszczone.,AI REVIEW,2026-09-16,Human review
C028,Brak polityk i pól tak/nie; ograniczanie narzędzi wyłącznie przyszły research,REJECTED,Internet/AI podczas testu — §28: nie pokazujemy tych pól,R028; FOUNDER DECISION,Prawo i bezpieczeństwo nadrzędne; LOCKED nie oznacza wdrożone ani prawnie dopuszczone.,FUTURE REVIEW,2026-09-16,Proponowane pola dozwolonych narzędzi
C029,Wynik tasku oddzielny od decyzji rekrutacyjnej,CONDITIONAL,"Automatyczne ocenianie — §29: obiektywne automatycznie, złożone z human review",R029; FOUNDER DECISION; walidacja TEST FIRST,Prawo i bezpieczeństwo nadrzędne; LOCKED nie oznacza wdrożone ani prawnie dopuszczone.,AI/GDPR GATE,2026-09-16,Manual/deterministic first
C030,Tylko porównywalne wersje i rubryki jednej rekrutacji; człowiek decyduje,CONDITIONAL,Ranking wyników rekrutacji — §30: ranking wyników dozwolony,R030; FOUNDER DECISION; EVIDENCE CONFLICT,Prawo i bezpieczeństwo nadrzędne; LOCKED nie oznacza wdrożone ani prawnie dopuszczone.,AI/GDPR GATE,2026-09-16,Ostrożność wobec % ludzi
C031,Standardowy zakres/wynik/data/wersja; company result nie jest certyfikatem Faro,CONDITIONAL,Skills wallet — §31: Faro standard reusable za zgodą,R031; FOUNDER DECISION; EVIDENCE CONFLICT,Prawo i bezpieczeństwo nadrzędne; LOCKED nie oznacza wdrożone ani prawnie dopuszczone.,GDPR/IP REVIEW,2026-09-16,Dowody przenośne później; expiry
C032,"Metryki zdarzeń, nie opinie; prywatne zgłoszenia nadużycia zachowane",REJECTED,Employer reviews — §34: brak publicznych ocen odrzuconych,R032; FOUNDER DECISION,Prawo i bezpieczeństwo nadrzędne; LOCKED nie oznacza wdrożone ani prawnie dopuszczone.,MODERATION REVIEW,2026-09-16,Obiektywne sygnały
C033,Cały startowy produkt bezpłatny; zero komunikatu Free Plan,LOCKED,Free-first — §36: obie strony darmowe,R033; FOUNDER DECISION,Prawo i bezpieczeństwo nadrzędne; LOCKED nie oznacza wdrożone ani prawnie dopuszczone.,TERMS REVIEW,2026-09-16,Free core i możliwy płatny pilot
C034,"P5 narzędzia po walidacji, nie zasoby lepszych kandydatów",CONDITIONAL,Employer monetization — §37: później po pozycji rynkowej,R034; FOUNDER DECISION; WTP UNKNOWN,Prawo i bezpieczeństwo nadrzędne; LOCKED nie oznacza wdrożone ani prawnie dopuszczone.,B2B TERMS REVIEW,2026-09-16,WTP i płatny pilot przed skalą
C035,Brak roadmapy i checkout kandydata,REJECTED,Candidate subscription — §38: nie obecny model,R035; FOUNDER DECISION,Prawo i bezpieczeństwo nadrzędne; LOCKED nie oznacza wdrożone ani prawnie dopuszczone.,FUTURE SEPARATE LEGAL REVIEW,2026-09-16,Zablokowane prawnie
C036,Żadnego geofence; budżet kampanii można koncentrować w komórkach,LOCKED,Nationwide — §39: publicznie cała Polska,R036; FOUNDER DECISION; liquidity risk,Prawo i bezpieczeństwo nadrzędne; LOCKED nie oznacza wdrożone ani prawnie dopuszczone.,MARKETING REVIEW,2026-09-16,Trójmiasto/operacje jako pierwszy rynek
C037,Admin-approved organic community; Meta testy; nie scraping członków,LOCKED,Facebook groups — §40: grupy pracy ważny kanał startu,R037; FOUNDER DECISION; CAC UNKNOWN,Prawo i bezpieczeństwo nadrzędne; LOCKED nie oznacza wdrożone ani prawnie dopuszczone.,PKE/PLATFORM REVIEW,2026-09-16,Jednokomórkowy pilot kanałów
C038,"Zachować intelligence, nie wysyłać RFP jako przyjętego działania",REJECTED,Jobboard inventory/RFP — §40: nie główny kanał foundera,R038; FOUNDER DECISION,Prawo i bezpieczeństwo nadrzędne; LOCKED nie oznacza wdrożone ani prawnie dopuszczone.,OPTIONAL CHANNEL REVIEW,2026-09-16,Źródła i partnerstwa opcjonalne
C039,"Aktualne hasła; starsze I wiesz historyczne, bez nowego redesignu logo",LOCKED,Brand hierarchy — §43: Twój nawigator + Wiesz co dalej,R039; FOUNDER DECISION,Prawo i bezpieczeństwo nadrzędne; LOCKED nie oznacza wdrożone ani prawnie dopuszczone.,TRADEMARK NOT RECHECKED,2026-09-16,Konflikt I wiesz/Wiesz
C040,Nie ma zwolnienia tylko przez darmowość; kwalifikacja funkcji i wpis przed usługą jeśli wymagany,LEGAL REVIEW,KRAZ — §46: P0 gate,R040; PRIMARY LAW S01,Prawo i bezpieczeństwo nadrzędne; LOCKED nie oznacza wdrożone ani prawnie dopuszczone.,P0 LEGAL GATE,2026-09-16,P0 legal gate
C041,"Purpose inventory, funkcje osobno; ranking/ocena wymagają analizy high-risk",LEGAL REVIEW,AI Act klasyfikacja — §46: nie usuwać funkcji z powodu ryzyka,R041; PRIMARY REGULATOR S04,Prawo i bezpieczeństwo nadrzędne; LOCKED nie oznacza wdrożone ani prawnie dopuszczone.,P0 LEGAL GATE,2026-09-16,Ocena modułowa
C042,"Ocena rzeczywistego wpływu, nie samego przycisku człowieka; art6 i art22 osobno",LEGAL REVIEW,Art22/DPIA — §46: gate,R042; PRIMARY GUIDANCE S05,Prawo i bezpieczeństwo nadrzędne; LOCKED nie oznacza wdrożone ani prawnie dopuszczone.,P0 LEGAL GATE,2026-09-16,Human oversight i DPIA
C043,Zwykły wynik SQL nie staje się automatycznie art9; JDG/rekruter to także dane osobowe,LEGAL REVIEW,Kategorie danych — §0 prawo nadrzędne,R043; GDPR; korekta EB,Prawo i bezpieczeństwo nadrzędne; LOCKED nie oznacza wdrożone ani prawnie dopuszczone.,P0 LEGAL GATE,2026-09-16,Minimalizacja i role
C044,Polityka Faro ponad minimum; obowiązek info ma ustawowe warianty terminu,LOCKED,Salary law — §13: salary obligatory,R044; PRIMARY LAW S02,Prawo i bezpieczeństwo nadrzędne; LOCKED nie oznacza wdrożone ani prawnie dopuszczone.,CONFIRMED RULE; scope review,2026-09-16,Obowiązkowe widełki platformy
C045,"Art113,183a–e; art187/188 nie są podstawą zakazu dyskryminacji",LEGAL REVIEW,Kodeks pracy cytaty — §0 prawo nadrzędne,R045; PRIMARY LAW S03,Prawo i bezpieczeństwo nadrzędne; LOCKED nie oznacza wdrożone ani prawnie dopuszczone.,CORRECTION CONFIRMED,2026-09-16,Zakaz dyskryminacji
C046,Stabilne URI i wersja; license manifest per dataset/pillar,CONDITIONAL,ESCO — §47: nie od zera,R046; PRIMARY DATA/LICENSE S06,Prawo i bezpieczeństwo nadrzędne; LOCKED nie oznacza wdrożone ani prawnie dopuszczone.,LICENSE GATE,2026-09-16,Mała ręczna taksonomia
C047,O*NET DB CC BY4 z obowiązkami; ZRK/INFO dostępność nie jest licencją,CONDITIONAL,INFOdoradca/ZRK/O*NET — §47: sprawdzić prawa,R047; PRIMARY LICENSE S07; PL NOT VERIFIED,Prawo i bezpieczeństwo nadrzędne; LOCKED nie oznacza wdrożone ani prawnie dopuszczone.,LICENSE GATE,2026-09-16,Nie rdzeń
C048,"Nieznana taryfa=null, nie0; transitFare nie zawsze dostępne",LOCKED,Routing/tariff — §48: warstwy oddzielne,R048; PRIMARY DOC S08,Prawo i bezpieczeństwo nadrzędne; LOCKED nie oznacza wdrożone ani prawnie dopuszczone.,LICENSE REVIEW,2026-09-16,Koszty nie gotowe
C049,Scenariusz użytkownika + wersja prawa + zakres niepewności,LOCKED,Netto engine — §49: netto nie własnością oferty,R049; FOUNDER DECISION; podatki REVIEW,Prawo i bezpieczeństwo nadrzędne; LOCKED nie oznacza wdrożone ani prawnie dopuszczone.,TAX GATE,2026-09-16,Niepełny
C050,Nie utożsamiać CV z latami edukacji; nie dzielić r jako skuteczności; testy wymagają walidacji,TEST FIRST,Predykcyjność testów — §42: rzetelna nauka,R050; S10 meta-analysis; EB UNSUPPORTED NUMBERS,Prawo i bezpieczeństwo nadrzędne; LOCKED nie oznacza wdrożone ani prawnie dopuszczone.,FAIRNESS REVIEW,2026-09-16,Walidacja lokalna
C051,"Imię i dowody nadal mogą być proxy; monitorować, nie przywracać danych po cichu",TEST FIRST,"Anonimizacja usuwa bias — §3,4 zamknięte",R051; S11 experiment; generalizacja LIMITED,Prawo i bezpieczeństwo nadrzędne; LOCKED nie oznacza wdrożone ani prawnie dopuszczone.,FAIRNESS REVIEW,2026-09-16,Nie gwarantowana
C052,"Kwarantanna liczbowych tez do oryginału, próby, daty i metodologii",TEST FIRST,Statystyki rynku EB — §0 dowody wymagane,R052; UNVERIFIED,Prawo i bezpieczeństwo nadrzędne; LOCKED nie oznacza wdrożone ani prawnie dopuszczone.,MARKETING CLAIMS,2026-09-16,Własne wyniki nieistniejące
C053,"Mechanizmy jako hipotezy UX, nie recepta neuro; brak95%/dopamine hacks",LOCKED,Neuromarketing — §42 rzetelnie,R053; MYTH/DO NOT USE; reszta HYPOTHESIS,Prawo i bezpieczeństwo nadrzędne; LOCKED nie oznacza wdrożone ani prawnie dopuszczone.,NO SPECIAL CLAIM,2026-09-16,Bez mitów
C054,Nie budować specjalnego modułu; podstawowa dostępność i prawny obowiązek dostosowań pozostają,CONDITIONAL,Accommodations — §35: specjalny moduł nie zatwierdzony,R054; FOUNDER DECISION / LEGAL CONFLICT CHECK,Prawo i bezpieczeństwo nadrzędne; LOCKED nie oznacza wdrożone ani prawnie dopuszczone.,P0 LEGAL REVIEW,2026-09-16,Osobny moduł i równoważne ścieżki
C055,Jawny czas per test i zgłoszenie nadużycia; brak globalnego limitera,REJECTED,Łączny czas testów — §35: narzucony system odrzucony,R055; FOUNDER DECISION,Prawo i bezpieczeństwo nadrzędne; LOCKED nie oznacza wdrożone ani prawnie dopuszczone.,FAIRNESS REVIEW,2026-09-16,Limity30/60min
C056,Data i wersja widoczne; brak automatycznej utraty skill; retention osobno,REJECTED,Wygasanie kompetencji — §35: nie feature,R056; FOUNDER DECISION,Prawo i bezpieczeństwo nadrzędne; LOCKED nie oznacza wdrożone ani prawnie dopuszczone.,RETENTION REVIEW,2026-09-16,Expiry dowodów12m sugerowane
C057,Nie budować teraz; wersjonowanie nie oznacza banku losującego,REJECTED,Bank/losowanie pytań — §35: nie core,R057; FOUNDER DECISION,Prawo i bezpieczeństwo nadrzędne; LOCKED nie oznacza wdrożone ani prawnie dopuszczone.,FUTURE REVIEW,2026-09-16,Zabezpieczenia/test variants
C058,Brak produktu Spróbuj pracy i generatora rozmów; syntetyczne zadanie assessment to inny zakres,REJECTED,Simulation / struktura rozmowy — §35: nie przyjęty core,R058; FOUNDER DECISION,Prawo i bezpieczeństwo nadrzędne; LOCKED nie oznacza wdrożone ani prawnie dopuszczone.,FUTURE REVIEW,2026-09-16,Assessment samples nie pełna symulacja
C059,Brak Potential/Life/global ranking; lokalne wyniki testu dozwolone warunkowo,REJECTED,"Global person score — §7,30,35 zakaz",R059; FOUNDER DECISION,Prawo i bezpieczeństwo nadrzędne; LOCKED nie oznacza wdrożone ani prawnie dopuszczone.,AI/GDPR REVIEW,2026-09-16,Zakaz
C060,Sprawdzić czy istniejące interest/accept wystarczają; nie dodawać obowiązkowego kliknięcia,TEST FIRST,Mutual intent handshake — Brak akceptacji nowej bramki,R060; HYPOTHESIS,Prawo i bezpieczeństwo nadrzędne; LOCKED nie oznacza wdrożone ani prawnie dopuszczone.,UX/TERMS REVIEW,2026-09-16,Interest i accept już istnieją
C061,Proste uzasadnienie wymogu w core; osobny AI checker FUTURE,FUTURE,"Requirement quality checker — Rozróżnienie MUST/NICE/TEACH, bez liczbowego limitu",R061; HYPOTHESIS,Prawo i bezpieczeństwo nadrzędne; LOCKED nie oznacza wdrożone ani prawnie dopuszczone.,EQUALITY REVIEW,2026-09-16,Podpowiedzi kreatora
C062,Proporcjonalne limity nadużyć; brak kary za samą poprawność tekstu czy użycie AI,CONDITIONAL,Anti-AI-spam — Brak autoodrzucania i obowiązkowego proctoringu,R062; HYPOTHESIS,Prawo i bezpieczeństwo nadrzędne; LOCKED nie oznacza wdrożone ani prawnie dopuszczone.,GDPR REVIEW,2026-09-16,Rate limits i moderacja
C063,Zachować foundation; employer projection i private wallet grant doprecyzować,LOCKED,Bezpieczeństwo/tenant isolation — §0 bezpieczeństwo nadrzędne,"R063; BASELINE AUDIT, nie nowy test",Prawo i bezpieczeństwo nadrzędne; LOCKED nie oznacza wdrożone ani prawnie dopuszczone.,SECURITY GATE,2026-09-16,RBAC/private files/outbox
C064,Rights registry nadal gate; jobgroup marketing nie uprawnia do kopiowania postów/ofert,LOCKED,External sources — Natywne oferty główne,R064; BASELINE + FOUNDER,Prawo i bezpieczeństwo nadrzędne; LOCKED nie oznacza wdrożone ani prawnie dopuszczone.,LICENSE GATE,2026-09-16,Rights registry91sources
C065,Arytmetyka daje447.03; prezentować około450zł przy tych hipotetycznych danych,CONDITIONAL,Koszt paliwa przykład — §21: nie udawać precyzji,R065; CALCULATION VERIFIED,Prawo i bezpieczeństwo nadrzędne; LOCKED nie oznacza wdrożone ani prawnie dopuszczone.,Nie aktualna cena paliwa,2026-09-16,Brak
C066,Zachować intel z datą i etykietą źródła; ceny nie są WTP Faro,TEST FIRST,"Konkurencja/ceny/startupy — Nie kopiować, nie nowy audyt",R066; VENDOR CLAIM / NOT VERIFIED,Prawo i bezpieczeństwo nadrzędne; LOCKED nie oznacza wdrożone ani prawnie dopuszczone.,LICENSE/PROCUREMENT REVIEW,2026-09-16,Benchmark historyczny
C067,Testować układ i zrozumienie; nie łamać NO CV/salary/privacy w live A/B,LOCKED,"Marketing eksperymenty — §2–4,13,43 zamknięte",R067; FOUNDER DECISION,Prawo i bezpieczeństwo nadrzędne; LOCKED nie oznacza wdrożone ani prawnie dopuszczone.,EXPERIMENT REVIEW,2026-09-16,Warianty obietnicy
C068,Osobny gate wieku/umów/dostawcy; nie wprowadzać po cichu18+ całego Faro,LEGAL REVIEW,First-job a małoletni — Początkujący w zakresie,R068; PRIMARY TERMS S12,Prawo i bezpieczeństwo nadrzędne; LOCKED nie oznacza wdrożone ani prawnie dopuszczone.,P0 LEGAL GATE,2026-09-16,Nierozstrzygnięte
C069,Pauza nieaktualnej oferty i sprawa moderacyjna; reputacja nie zmienia skillmatch,CONDITIONAL,Widoczność100/50/25 — Symetria i wzorce,R069; GAME-THEORY HYPOTHESIS,Prawo i bezpieczeństwo nadrzędne; LOCKED nie oznacza wdrożone ani prawnie dopuszczone.,MODERATION REVIEW,2026-09-16,Odrzucone sztywne mnożniki
C070,"Oddziel entitlements i ranking także pośrednio: cache,tie-break,featured,lepszy dostęp",LOCKED,No-pay-to-win — §37 billing nieinput,R070; FOUNDER DECISION,Prawo i bezpieczeństwo nadrzędne; LOCKED nie oznacza wdrożone ani prawnie dopuszczone.,COMMERCIAL TERMS,2026-09-16,Twardy invariant
C071,"MVP proces i jawność; economics,wallet,assessment etapami bez usuwania z wizji",LOCKED,MVP vs wizja — §57 nie wszystkoMVP,R071; FOUNDER DECISION; sequencing proposal,Prawo i bezpieczeństwo nadrzędne; LOCKED nie oznacza wdrożone ani prawnie dopuszczone.,GATES PER MODULE,2026-09-16,Wąski pilot
