ID,DOMAIN,TASK,WHY,PRIORITY,DEPENDENCIES,EVIDENCE,LEGAL IMPACT,ACCEPTANCE CRITERIA,STATUS,EFFORT,SUPERSEDES
K001,Legal/Founder,KRAZ: pisemna kwalifikacja i realizacja wymaganych obowiązków,Nowe Faro aktywnie łączy strony,P0,—,Delta D001 (historyczne); canonical docs; founder16.09 — nie wynik wdrożenia,P0 gate,"Memo per usługa na ustawie2025/620, decyzja o wpisie i wykonane obowiązki przed udostępnieniem właściwej usługi.",LEGAL REVIEW,L,D001
K002,Legal/Product,Free-first obu stron i brak candidate checkout,Nieustalona dopuszczalność opłat,P0,K001,Delta D002 (historyczne); canonical docs; founder16.09 — nie wynik wdrożenia,Review właściwej domeny przed release,Regulamin i wszystkie ekrany startowe mówią Faro jest darmowe; kandydat i firma bez opłat; brak candidate subscription w scope.,READY FOR DESIGN,M,D002
K003,Legal/AI,AI intended purpose i klasyfikacja każdego modułu,Nowe użycie w selekcji,P0,—,Delta D003 (historyczne); canonical docs; founder16.09 — nie wynik wdrożenia,P0 gate,"Zmapowane role, ranking, evaluation, draft generation, harmonogram obowiązków i warunki GO; nie ogólny disclaimer.",LEGAL REVIEW,L,D003
K004,Privacy/Legal,"DPIA, art6/art22 i mapa ról administratorów",Dane osób między organizacjami,P0,"K001,K003",Delta D004 (historyczne); canonical docs; founder16.09 — nie wynik wdrożenia,P0 gate,"Podstawy per cel, ocena realnego nadzoru, dane szczególne oddzielnie, zatwierdzona retencja i prawa osoby.",LEGAL REVIEW,L,D004
K005,Founder/Product,"Konstytucja, rejestr decyzji i kontrola superseded",Chronić zakres i brak pay-to-win,P0,—,Delta D005 (historyczne); canonical docs; founder16.09 — nie wynik wdrożenia,Review właściwej domeny przed release,Jedna aktywna wersja canonical; zakazy przeniesione do testowalnych kontraktów; 72stare zadania rozliczone.,DOCUMENTED — NOT IMPLEMENTED,S,D005
K006,Research/Founder,Wywiady z kandydatami i firmami z wielu sytuacji,Popyt na no-CV nieznany,P0,K005,Delta D006 (historyczne); canonical docs; founder16.09 — nie wynik wdrożenia,Review właściwej domeny przed release,"Próba obejmuje pierwszą pracę, brak doświadczenia, przerwy i zmiany; bez z góry regionalnego produktu; zapis kontrdowodów.",RESEARCH,L,D006
K007,UX/Research,Prototyp NO-CV i test dokładnej projekcji,Sprawdzić rozumienie danych i procesu,P0,"K005,K006",Delta D007 (historyczne); canonical docs; founder16.09 — nie wynik wdrożenia,Review właściwej domeny przed release,"Uczestnicy rozumieją skill source, WILL_TEACH, prywatność, watch vs interest oraz dwa zegary.",RESEARCH,L,D007
K008,Founder/Sales,Founder Employer Program na realne wakaty,Podaż przed ruchem kandydatów,P4,"K001,K005",Delta D008 (historyczne); canonical docs; founder16.09 — nie wynik wdrożenia,Review właściwej domeny przed release,"Zweryfikowane potrzeby i zgoda na zasady; nationwide availability, bez obietnicy płatnej widoczności; żadnego automatycznego outreach.",PLANNED,L,D008
K009,Ops,Trwałość danych i restore,Aktualny deployment grozi utratą danych,P0,—,Delta D009 (historyczne); canonical docs; founder16.09 — nie wynik wdrożenia,Review właściwej domeny przed release,"Restart/redeploy zachowuje dane, restore sprawdzony",VERIFY CURRENT CODE,M,D009
K010,DevOps,Finalny runtime image,Brak zależności może blokować start,P0,K011,Delta D010 (historyczne); canonical docs; founder16.09 — nie wynik wdrożenia,Review właściwej domeny przed release,Zbudowany końcowy obraz uruchamia health i scenariusz bez lokalnych modułów,VERIFY CURRENT CODE,M,D010
K011,SourceOps/Backend,Zawiesić niedopuszczone fetch capabilities,Brak licencji i niedozwolone fallbacki,P0,—,Delta D011 (historyczne); canonical docs; founder16.09 — nie wynik wdrożenia,Review właściwej domeny przed release,"Deny bez policy, brak maskowania i fallback po odmowie",PLANNED,S,D011
K012,Backend/QA,Naprawić czerwony CI importerów,"90/92, dalsze gates pominięte",P0,K011,Delta D012 (historyczne); canonical docs; founder16.09 — nie wynik wdrożenia,Review właściwej domeny przed release,"Nowy pinned run zielony, błędy OLX/LinkedIn rozstrzygnięte bez wyłączania testu",VERIFY CURRENT CODE,M,D012
K013,Security/Backend,Centralna polityka egress,External URL może przekroczyć granicę sieci,P0,K011,Delta D013 (historyczne); canonical docs; founder16.09 — nie wynik wdrożenia,Review właściwej domeny przed release,"Każdy redirect i finalny cel ocenione, limity czasu i bajtów",PLANNED,M,D013
K014,Security/Ops,Bezpieczne uploady,Assessment dodaje prywatne pliki,P0,K009,Delta D014 (historyczne); canonical docs; founder16.09 — nie wynik wdrożenia,Review właściwej domeny przed release,"Kwarantanna, limity, skan, prywatne pobranie i cleanup",PLANNED,L,D014
K015,Backend/Privacy,Redakcja logów i błędów,Nowe payloady zawierają dane wrażliwe,P0,—,Delta D015 (historyczne); canonical docs; founder16.09 — nie wynik wdrożenia,Review właściwej domeny przed release,PII i raw odpowiedzi nie trafiają do logów i analytics,PLANNED,M,D015
K016,Backend/Ops,PostgreSQL i model migracji,Nowi writerzy i relacje tenantów,P0,"K004,K009",Delta D016 (historyczne); canonical docs; founder16.09 — nie wynik wdrożenia,Review właściwej domeny przed release,"Import próbny zgodny, FK działają, rollback opisany",PLANNED,L,D016
K017,Architecture,Granice modularnego monolitu,Wiele domen bez mikroserwisów,P0,K005,Delta D017 (historyczne); canonical docs; founder16.09 — nie wynik wdrożenia,Review właściwej domeny przed release,"Moduły mają API i reguły zależności, brak billing w matching",PLANNED,M,D017
K018,Backend/Security,Membership/RBAC i tenant isolation,Stary userId nie wystarcza,P0,"K016,K017",Delta D018 (historyczne); canonical docs; founder16.09 — nie wynik wdrożenia,Review właściwej domeny przed release,"Dwie firmy nie odczytują cudzych zasobów, cofnięcie działa natychmiast",PLANNED,L,D018
K019,Identity,"MFA, recovery i revoke",Owner może przejąć procesy firmy,P0,K018,Delta D019 (historyczne); canonical docs; founder16.09 — nie wynik wdrożenia,Review właściwej domeny przed release,"Step-up operacji krytycznych, recovery i unieważnienie sesji",PLANNED,L,D019
K020,Backend/Ops,Outbox i idempotentny worker,Zapis nie może zależeć od e-maila,P0,"K016,K017",Delta D020 (historyczne); canonical docs; founder16.09 — nie wynik wdrożenia,Review właściwej domeny przed release,"Retry nie dubluje efektów, dead-letter ma obsługę",PLANNED,L,D020
K021,Legal,"Regulaminy, DPA i publikacja firmy",Native UGC i dane rekrutacji,P0,"K001,K004",Delta D021 (historyczne); canonical docs; founder16.09 — nie wynik wdrożenia,Review właściwej domeny przed release,"Dokumenty odpowiadają ekranom, zakres licencji i praw jasny",PLANNED,L,D021
K022,Product/Frontend,Czteroczęściowy profil możliwości,Nowy rdzeń kandydata,P1,"K018,K023",Delta D022 (historyczne); canonical docs; founder16.09 — nie wynik wdrożenia,Review właściwej domeny przed release,Potrafię/rozwijam/chcę/doświadczenie; brak obowiązku posiadania historii lub określonej liczby skills; descriptive levels.,READY FOR DESIGN,L,D022
K023,Domain/Research,ESCO foundation i polskie aliasy z rights manifest,Porównywalność języka zadań,P0,K005,Delta D023 (historyczne); canonical docs; founder16.09 — nie wynik wdrożenia,Review właściwej domeny przed release,"Stabilne URI, wersje, licencje per dataset; brak tworzenia ontologii od zera; INFO/ZRK bez importu przed prawami.",LICENSE REVIEW,M,D023
K024,Backend/Privacy,Snapshot i serwerowa employer projection,Kontrola udostępnienia i provenance,P1,"K018,K022",Delta D024 (historyczne); canonical docs; founder16.09 — nie wynik wdrożenia,Review właściwej domeny przed release,"Bez CV, nazwiska/photo/age/phone pierwszego etapu; bez poprzednich firm/tytułów zawsze; preview to ten sam DTO.",READY FOR DESIGN,L,D024
K025,Fullstack,Portal organizacji i zaproszenia,Jedna osoba lub zespół,P2,"K018,K019",Delta D025 (historyczne); canonical docs; founder16.09 — nie wynik wdrożenia,Review właściwej domeny przed release,"Role, invite TTL, ostatni owner i backup obsłużone",PLANNED,L,D025
K026,T&S/Backend,Weryfikacja firmy i first-offer review,Zapobiec scam przed publikacją,P2,"K021,K025",Delta D026 (historyczne); canonical docs; founder16.09 — nie wynik wdrożenia,Review właściwej domeny przed release,"Sprawa, dowody, decyzja i manualna ścieżka JDG",PLANNED,L,D026
K027,Product/Frontend,Kreator natywnej oferty MUST/NICE/WILL_TEACH,Porównywalne fakty i proces,P1,"K025,K026,K028",Delta D027 (historyczne); canonical docs; founder16.09 — nie wynik wdrożenia,Review właściwej domeny przed release,"Jawne salary, godziny, zmiany, weekendy, etapy, assessment, dwa zegary; employer approves AI draft.",READY FOR DESIGN,L,D027
K028,Domain/Legal,Typed salary options i walidacja publikacji,Nieporównywalne kwoty szkodzą decyzji,P1,K001,Delta D028 (historyczne); canonical docs; founder16.09 — nie wynik wdrożenia,Review właściwej domeny przed release,Podstawa kwoty osobno od umowy; gwarancja/zmienne/FTE/godziny; brak publikacji bez porównywalnej jawnej płacy.,LEGAL REVIEW,M,D028
K029,Domain/QA,Zweryfikować stare błędy scoringu i odłączyć legacy person score,Błędne porady nadal w kodzie,P0,K005,Delta D029 (historyczne); canonical docs; founder16.09 — nie wynik wdrożenia,Review właściwej domeny przed release,Aktualny reprodukowalny test poprawności w autoryzowanym środowisku; legacy wynik nie zasila canonical UI; bez nowego magicznego %.,VERIFY CURRENT CODE,L,D029
K030,Domain/UX,Explainable matching bez person score,Bez globalnego score osoby,P1,"K022,K027",Delta D030 (historyczne); canonical docs; founder16.09 — nie wynik wdrożenia,Review właściwej domeny przed release,"Status perrequirement, unknown oddzielnie, brak blokady WILL_TEACH, hardconstraint jawny; explanation z danych nie z opiniiAI.",LEGAL REVIEW,L,D030
K031,Architecture/QA,Ranking independence contract i testy metamorfizmu,Twardy invariant konstytucji,P0,K017,Delta D031 (historyczne); canonical docs; founder16.09 — nie wynik wdrożenia,Review właściwej domeny przed release,"Zmiana wyłącznie billing nie zmienia inputów, cache, kolejności, dostępności ani jakości match; brak paid exposure.",READY FOR DESIGN,M,D031
K032,UX/Frontend,Product shell obu ról,Dwie przestrzenie bez chaosu,P2,"K007,K025",Delta D032 (historyczne); canonical docs; founder16.09 — nie wynik wdrożenia,Review właściwej domeny przed release,"Split-view i mobile single-pane, focus i back zachowane",PLANNED,L,D032
K033,Backend/Frontend,Interest i state machine,Zainteresowanie zamiast CV,P2,"K020,K024,K027",Delta D033 (historyczne); canonical docs; founder16.09 — nie wynik wdrożenia,Review właściwej domeny przed release,"Przejścia, terminalne stany, version conflict i duplikaty kontrolowane",PLANNED,L,D033
K034,Product/Backend,Structured rejection i konkretny requirement,Kandydat ma rzeczywisty kolejny krok,P2,"K033,K027",Delta D034 (historyczne); canonical docs; founder16.09 — nie wynik wdrożenia,Review właściwej domeny przed release,Generyczny lepszy kandydat blokowany; requirementId i truthfulness; cancelled/filled nie udają luki umiejętności.,READY FOR DESIGN,L,D034
K035,Backend/UX,Powiadomienia transakcyjne,Inbox i termin bez utraty zdarzeń,P2,"K020,K033",Delta D035 (historyczne); canonical docs; founder16.09 — nie wynik wdrożenia,Review właściwej domeny przed release,"Inbox spójny, retry, preferencje, brak PII w push",PLANNED,M,D035
K036,UX/Frontend,Dzisiaj / Action Bar,Każdy ekran odpowiada co teraz,P2,"K032,K033,K035",Delta D036 (historyczne); canonical docs; founder16.09 — nie wynik wdrożenia,Review właściwej domeny przed release,"Priorytety z danych, jasny owner i due date",PLANNED,M,D036
K037,Fullstack,"Ręczna dostępność, propozycja i potwierdzenie rozmowy",Umówić rozmowę bez pełnego kalendarza,P2,"K033,K035",Delta D037 (historyczne); canonical docs; founder16.09 — nie wynik wdrożenia,Review właściwej domeny przed release,"Slot-only, UTC/IANA, cancel/reschedule, atomowa rezerwacja, ICS; brak pełnego kalendarza i auto no-show.",READY FOR DESIGN,L,D037
K038,T&S/Fullstack,Report flow i moderation cases,Obsługa realnej szkody przed beta,P2,"K026,K033",Delta D038 (historyczne); canonical docs; founder16.09 — nie wynik wdrożenia,Review właściwej domeny przed release,"Zgłoszenie, hold, uzasadnienie, appeal i obsada",PLANNED,L,D038
K039,Privacy/Backend,Deletion/export z pochodnymi,Usunięcie obejmuje cache i pliki,P0,"K004,K016,K024",Delta D039 (historyczne); canonical docs; founder16.09 — nie wynik wdrożenia,Review właściwej domeny przed release,"Job trwały, tombstone działa po restore, eksport scoped",PLANNED,L,D039
K040,Product/Backend,"Dwa zegary, capacity i przypomnienia",Ograniczyć ghosting bez masowych odmów,P2,"K033,K035",Delta D040 (historyczne); canonical docs; founder16.09 — nie wynik wdrożenia,Review właściwej domeny przed release,Autoack nie kończyresponseclock; nowy termin nie usuwa spóźnienia; zastępstwo i pauza nowych interest.,TEST FIRST,M,D040
K041,Analytics/UX,Jawne metryki rzetelności bez zbiorczego score,Fakty zamiast 82/100,P2,K040,Delta D041 (historyczne); canonical docs; founder16.09 — nie wynik wdrożenia,Review właściwej domeny przed release,"n,okno,mianownik,unanswered obok mediany; nowa firma=mało danych; brak mnożników100/50/25.",TEST FIRST,M,D041
K042,T&S/Product,No-show claims i appeals,Brak social credit,P2,"K037,K038",Delta D042 (historyczne); canonical docs; founder16.09 — nie wynik wdrożenia,Review właściwej domeny przed release,"Claim nie karze, dispute wyłącza skutki, korekta odwraca projekcje",PLANNED,M,D042
K043,Data/Product,Marketplace metrics i NSM quality gates,Mierzyć wspólny postęp,P2,"K020,K033",Delta D043 (historyczne); canonical docs; founder16.09 — nie wynik wdrożenia,Review właściwej domeny przed release,"Dedup pary na tydzień, realny obustronny postęp, odmowy osobno, cohorthhealth i noPII analytics.",TEST FIRST,M,D043
K044,Research/Founder,Bezpieczna beta procesu przed nationwide public launch,Sprawdzić płynność i koszty,P2,"K001,K004,K038,K039",Delta D044 (historyczne); canonical docs; founder16.09 — nie wynik wdrożenia,Review właściwej domeny przed release,Beta testuje zakres bez zmiany nationwide publicavailability; jakościowe kryteria GO i capacity zamiast fikcyjnych wyników.,GATED,L,D044
K045,Domain/Assessment,Assessment Definition draft/review/approved version,Stabilna podstawa pomiaru,P3,"K003,K004,K027",Delta D045 (historyczne); canonical docs; founder16.09 — nie wynik wdrożenia,Review właściwej domeny przed release,Typ/liczba/czas/termin/rubryka przed Start; AI nie publikuje; brak pól internetAllowed/aiAllowed.,GATED,L,D045
K046,Assessment/Research,Walidacja pierwszego typu assessmentu,Test nie może być pseudoobiektywny,P3,K045,Delta D046 (historyczne); canonical docs; founder16.09 — nie wynik wdrożenia,Review właściwej domeny przed release,"Ekspertowa mapa konstruktu, poprawność klucza, testy UI i plan fairness; mała próba nie udaje norm populacyjnych.",RESEARCH,L,D046
K047,Fullstack,"Timer serwerowy, autosave, awarie i podstawowa dostępność",Niezawodne oddanie zadania,P3,"K045,K062",Delta D047 (historyczne); canonical docs; founder16.09 — nie wynik wdrożenia,Review właściwej domeny przed release,"Start jawny/idempotentny; deadline oddzielny; reconnect bez resetu; dostępna ścieżka pomocy, bez specjalnego modułu accommodations.",GATED,L,D047
K048,Assessment/Backend,Objective/manual grading i lokalne zestawienie wyników,Dowód przed AI,P3,"K003,K004,K046,K047",Delta D048 (historyczne); canonical docs; founder16.09 — nie wynik wdrożenia,Review właściwej domeny przed release,"Porównywalna rubryka/wersja, breakdown, unknown≠0, review/korekta; wynik nie uruchamia auto-hire/reject.",LEGAL REVIEW,L,D048
K049,AI/Backend,AI gateway jako generator propozycji i draftów,Kontrolować AI i koszty,P1,"K003,K004",Delta D049 (historyczne); canonical docs; founder16.09 — nie wynik wdrożenia,Review właściwej domeny przed release,Schema+semantic validation; brak narzędzi publikacji/odrzucania; bezpieczny manual fallback; provider terms age/privacy checked.,GATED,M,D049
K050,AI/Research,AI-assisted grading shadow evaluation,Sprawdzić dodatkową wartość,P3,"K048,K049",Delta D050 (historyczne); canonical docs; founder16.09 — nie wynik wdrożenia,Review właściwej domeny przed release,Najpierw porównanie do ocen ekspertów; realna możliwość korekty; brak automatycznego wpływu przed zatwierdzonym gate.,TEST FIRST,L,D050
K051,Legal/Research/QA,Fairness i human oversight gate,Skutki dla szans zatrudnienia,P0,"K030,K045",Delta D051 (historyczne); canonical docs; founder16.09 — nie wynik wdrożenia,Review właściwej domeny przed release,"Niedozwolone sygnały wykluczone, alternatywa manualna, appeal",PLANNED,L,D051
K052,Legal/Assessment,Anty-darmowa praca i jasny czas per assessment,Nie pozyskiwać darmowej pracy,P3,K045,Delta D052 (historyczne); canonical docs; founder16.09 — nie wynik wdrożenia,Review właściwej domeny przed release,"Zadania syntetyczne/ocenowe, zakaz komercyjnego wykorzystania, report flow; brak narzuconego limitera łącznego czasu.",LEGAL REVIEW,M,D052
K053,Founder/Research,Późniejsza walidacja WTP pracodawców,Cennik bez walidacji jest hipotezą,P5,"K043,K044,K048",Delta D053 (historyczne); canonical docs; founder16.09 — nie wynik wdrożenia,Review właściwej domeny przed release,Dopiero po wykazanej wartości i decyzji o przejściu z free-first; bez sprzedaży ranking/exposure i bez ceny uznanej z góry.,DEFERRED,M,D053
K054,Backend/Legal,Employer billing/entitlements narzędzi,Monetyzacja narzędzi,P5,"K053,K031",Delta D054 (historyczne); canonical docs; founder16.09 — nie wynik wdrożenia,Review właściwej domeny przed release,Płatność tylko za zatwierdzone narzędzia; brak candidate checkout; safety/prawa/feedback bez paywall.,DEFERRED,L,D054
K055,Brand/Marketing,Dwie ścieżki marketingowe z inkluzywnym copy,Odrębne problemy stron,P4,K005,Delta D055 (historyczne); canonical docs; founder16.09 — nie wynik wdrożenia,Review właściwej domeny przed release,Candidate osiem grup i B2B; Faro jest darmowe; bez gwarancji zatrudnienia i niepodpartych liczb.,READY FOR DESIGN,M,D055
K056,Growth/Frontend,SEO z rzeczywistą wartością i prywatnym profilem,Organiczny popyt na realną podaż,P4,"K055,K027",Delta D056 (historyczne); canonical docs; founder16.09 — nie wynik wdrożenia,Review właściwej domeny przed release,Brak pustych programmatic pages; prywatne dane noindex; aktualne oferty i weryfikacja structureddata przed publikacją.,PLANNED,M,D056
K057,Growth,Facebook job groups i segmented nationwide campaigns,Dopasowany ruch zamiast vanity signup,P4,"K008,K055",Delta D057 (historyczne); canonical docs; founder16.09 — nie wynik wdrożenia,Review właściwej domeny przed release,"Reguły grup/admin approvals, żadnego scrapingDM; grupa×podaż×potrzeba; brak ograniczenia produktu do miasta.",TEST FIRST,M,D057
K058,Founder/Sales,Employer acquisition i jakość wakatów,Powtarzalny napływ firm,P4,"K008,K026",Delta D058 (historyczne); canonical docs; founder16.09 — nie wynik wdrożenia,Review właściwej domeny przed release,Mierzyć completeactiveoffer→response→progress; nie RFPjobboards jako founderprimary; bez nieautoryzowanych wiadomości.,PLANNED,M,D058
K059,Growth/Privacy,Referral bez boost i danych znajomych,Naturalna dystrybucja wartości,P2,K044,Delta D059 (historyczne); canonical docs; founder16.09 — nie wynik wdrożenia,Review właściwej domeny przed release,"Link ofertowy, brak contact import, plan nie zmienia rankingu",PLANNED,S,D059
K060,Brand/Frontend,Zgodny język marki i semantyczne tokens,Dwustronna marka bez nowego chaosu,P1,K005,Delta D060 (historyczne); canonical docs; founder16.09 — nie wynik wdrożenia,Review właściwej domeny przed release,"Umbrella Twój nawigator, promise Wiesz co dalej; bez score pierścienia osoby; kontrast i różne stany unknown/error.",READY FOR DESIGN,M,D060
K061,Frontend,PWA cache i asset update,v5 nie rozwiązuje prywatnego cache,P0,K032,Delta D061 (historyczne); canonical docs; founder16.09 — nie wynik wdrożenia,Review właściwej domeny przed release,"Public shell allowlist, logout cleanup, upgrade działa",VERIFY CURRENT CODE,M,D061
K062,UX/QA,WCAG krytycznych ścieżek,Dostęp do rekrutacji i assessmentu,P0,"K032,K033",Delta D062 (historyczne); canonical docs; founder16.09 — nie wynik wdrożenia,Review właściwej domeny przed release,"Keyboard, focus, zoom, reader, errors; bez krytycznych blokad",PLANNED,L,D062
K063,Ops/Frontend,Performance i obserwowalność,Nowe obciążenie i długie kolejki,P0,"K020,K032",Delta D063 (historyczne); canonical docs; founder16.09 — nie wynik wdrożenia,Review właściwej domeny przed release,"Budżety i p95 na ustalonym obciążeniu, alert owner",PLANNED,M,D063
K064,DevOps/Security,Supply chain i release gates,Nowe zależności zwiększą ryzyko,P0,K012,Delta D064 (historyczne); canonical docs; founder16.09 — nie wynik wdrożenia,Review właściwej domeny przed release,"Minimalne uprawnienia, skany, SBOM, branch protection",PLANNED,M,D064
K065,Ops/T&S/Legal,Incident response i dyżury T&S,Szkoda musi mieć właściciela,P0,"K004,K038",Delta D065 (historyczne); canonical docs; founder16.09 — nie wynik wdrożenia,Review właściwej domeny przed release,"Tabletop naruszenia i scam, kontakty i zastępstwo",PLANNED,M,D065
K066,SourceOps/Legal,Source Rights Registry v2,Native i external mają inne prawa,P0,"K011,K021",Delta D066 (historyczne); canonical docs; founder16.09 — nie wynik wdrożenia,Review właściwej domeny przed release,"Capability-based grant, expiry i revoke egzekwowane",PLANNED,M,D066
K067,Integrations,Integracja źródła/ATS po licencji,Uzupełnić rzeczywistą lukę podaży,P2,"K044,K066",Delta D067 (historyczne); canonical docs; founder16.09 — nie wynik wdrożenia,Review właściwej domeny przed release,"Jedno uprawnione źródło, kanon, obs, update i takedown",PLANNED,L,D067
K068,Integrations/Privacy,Integracje kalendarza po minimalnym schedulerze,Automatyzacja po manualnym dowodzie,P2,K037,Delta D068 (historyczne); canonical docs; founder16.09 — nie wynik wdrożenia,Review właściwej domeny przed release,"Udostępnienie dostępności, minimalne scopes; prywatne tytuły nie trafiają do firmy; providerreview.",POST-MVP,L,D068
K069,Frontend/Security,Ocena potrzeby Windows shell,Sprawdzić realną potrzebę desktop,P4,K061,Delta D069 (historyczne); canonical docs; founder16.09 — nie wynik wdrożenia,Review właściwej domeny przed release,Dowód potrzeby i kosztu; wspólny webcore; brak trzeciego niezależnego produktu.,POST-MVP,M,D069
K070,Product/Architecture,Ocena potrzeby native mobile,Nie utrzymywać trzech produktów bez powodu,P4,K061,Delta D070 (historyczne); canonical docs; founder16.09 — nie wynik wdrożenia,Review właściwej domeny przed release,Tylko udowodniony brak PWA i analiza kosztu/dostępności; nie warunek startu.,FUTURE — NOT COMMITTED,M,D070
K071,Product/Privacy,Standard Faro i portable verified skills wallet,Powrót przez realny rozwój,P3,"K046,K048,K004",Delta D071 (historyczne); canonical docs; founder16.09 — nie wynik wdrożenia,Review właściwej domeny przed release,Zakres/wynik/data/wersja/grant; company result niecertyfikat; brak skill expiry; aplikacja możliwa bezwallet.,POST-MVP,L,D071
K072,Founder/Data,Regularny review rynku i jakości dowodów,Nie skalować złej kohorty,P4,K005,Delta D072 (historyczne); canonical docs; founder16.09 — nie wynik wdrożenia,Review właściwej domeny przed release,Pierwotne źródła i daty; nie aktualizuje founderlock automatycznie; ceny konkurentów nie WTPFaro.,PLANNED,M,D072
K073,Candidate,Prywatne obserwowanie i alerty,Nowa jawna decyzja foundera lub zależność bezpieczeństwa,P2,"K024,K027,K035",Founder16.09 + reconciliation matrix,Gate dokument17 dla właściwego celu,Watch nie tworzyinterest; employer nie widzi tożsamości watchers w API/analytics/eksportach.,PLANNED,M,NEW
K074,Offers,Konkretny diff od zgłoszenia,Nowa jawna decyzja foundera lub zależność bezpieczeństwa,P2,"K024,K027,K033",Founder16.09 + reconciliation matrix,Gate dokument17 dla właściwego celu,"Porównuje immutable wersję przy interest do bieżącej, wysyła materialchanges, nie miesza nowego netto z edycjąfirmy.",PLANNED,M,NEW
K075,Economics,JobEconomics model i ręczny fallback,Nowa jawna decyzja foundera lub zależność bezpieczeństwa,P2,"K028,K004",Founder16.09 + reconciliation matrix,Gate dokument17 dla właściwego celu,Osobne kwoty/czas/założenia/źródła; brakEHV/LifeScore; prywatny scenariusz.,PLANNED,L,NEW
K076,Tax/Backend,Versioned netto rules engine,Nowa jawna decyzja foundera lub zależność bezpieczeństwa,P2,K075,Founder16.09 + reconciliation matrix,Gate dokument17 dla właściwego celu,"Wspierany zakresjawny, specjalistagolden cases, rulesdate; braknetto jakoofferproperty i brakB2B≈UoP.",PLANNED,XL,NEW
K077,Data/Legal,Routing fuel tariffs rail adapters,Nowa jawna decyzja foundera lub zależność bezpieczeństwa,P2,K075,Founder16.09 + reconciliation matrix,Gate dokument17 dla właściwego celu,Źródło/data/license/cachepolicy perlayer; missingtariff=null; ręcznyfallback; brakłączenia alternatywnych kosztów.,PLANNED,XL,NEW
K078,UX,Porównywarka wpływu pracy na życie,Nowa jawna decyzja foundera lub zależność bezpieczeństwa,P2,K075,Founder16.09 + reconciliation matrix,Gate dokument17 dla właściwego celu,Salarybases zgodne; warunki/process/commute osobno; brakautomatycznegozwycięzcy.,PLANNED,L,NEW
K079,Privacy,Grant telefonu po zaakceptowaniu etapu,Nowa jawna decyzja foundera lub zależność bezpieczeństwa,P1,"K024,K033",Founder16.09 + reconciliation matrix,Gate dokument17 dla właściwego celu,Employer accept nie ujawnia telefonu sam; candidate widzi zakres/grant/revoke; surname później osobnapolityka.,PLANNED,M,NEW
K080,Skills/AI,Activity decomposition z zatwierdzaniem,Nowa jawna decyzja foundera lub zależność bezpieczeństwa,P1,"K022,K049",Founder16.09 + reconciliation matrix,Gate dokument17 dla właściwego celu,Pytania o czynności; odrzucona propozycja nie fact; każdyclaim ma actor/version/confirmedAt.,PLANNED,L,NEW
K081,Trust,Periodic still-recruiting confirmation,Nowa jawna decyzja foundera lub zależność bezpieczeństwa,P2,"K027,K040",Founder16.09 + reconciliation matrix,Gate dokument17 dla właściwego celu,Brakpotwierdzenia pausujeintake; istniejąceprocesy nadalobsługiwane; repostnie resetujehistory.,PLANNED,M,NEW
K082,Trust/Moderation,Ghost-job pattern review,Nowa jawna decyzja foundera lub zależność bezpieczeństwa,P2,"K038,K041,K081",Founder16.09 + reconciliation matrix,Gate dokument17 dla właściwego celu,"Sygnalizuje wzorzec, nieintencję; evergreenexceptions/manualreview/reasons/appeal.",PLANNED,L,NEW
K083,Legal/AI,"Małoletni, pierwsza praca i warunki dostawcy",Nowa jawna decyzja foundera lub zależność bezpieczeństwa,P0,"K001,K003,K004",Founder16.09 + reconciliation matrix,Gate dokument17 dla właściwego celu,"Jawny zakreswsparcia bez cichego18+; nieużywanie niedozwolonegoAPI, manualpath jeśli właściwa.",GATED,M,NEW
K084,QA,Canonical invariants regression suite,Nowa jawna decyzja foundera lub zależność bezpieczeństwa,P0,K005,Founder16.09 + reconciliation matrix,Gate dokument17 dla właściwego celu,"Testy noCV/nohistory, proposal≠claim, watchprivate, billingindependence, assessmentapproval/timer i brakwskrzeszania rejectedfeatures.",GATED,L,NEW
K085,Product/Legal,Późniejszy zakres ujawnienia tożsamości,Nowa jawna decyzja foundera lub zależność bezpieczeństwa,P0,"K004,K024",Founder16.09 + reconciliation matrix,Gate dokument17 dla właściwego celu,Rozstrzygnięte legalniedane na dalszych etapach; brakprzywrócenia firm/stanowisk; usercontrol.,GATED,M,NEW
K086,QA/Data,Evidence-to-claim marketing gate,Nowa jawna decyzja foundera lub zależność bezpieczeństwa,P4,K055,Founder16.09 + reconciliation matrix,Gate dokument17 dla właściwego celu,Żadna niepodparta statystykaEB nie jest przedstawiana jako fakt; każda liczba ma źródło/próbę/datę.,PLANNED,S,NEW
