SOURCE,LINE,CLASS,LEDGER_ID
EB,1,HEADING,
EB,2,STRUCTURE,
EB,3,CONTENT,EB-0003-01;EB-0003-02;EB-0003-03;EB-0003-04;EB-0003-05;EB-0003-06;EB-0003-07;EB-0003-08
EB,4,STRUCTURE,
EB,5,CONTENT,EB-0005-01;EB-0005-02;EB-0005-03;EB-0005-04;EB-0005-05;EB-0005-06
EB,6,STRUCTURE,
EB,7,CONTENT,EB-0007-01;EB-0007-02;EB-0007-03;EB-0007-04;EB-0007-05;EB-0007-06
EB,8,STRUCTURE,
EB,9,CONTENT,EB-0009-01;EB-0009-02;EB-0009-03;EB-0009-04;EB-0009-05;EB-0009-06;EB-0009-07
EB,10,STRUCTURE,
EB,11,CONTENT,EB-0011-01;EB-0011-02;EB-0011-03;EB-0011-04;EB-0011-05;EB-0011-06;EB-0011-07
EB,12,STRUCTURE,
EB,13,HEADING,
EB,14,CONTENT,EB-0014-01;EB-0014-02;EB-0014-03;EB-0014-04;EB-0014-05;EB-0014-06;EB-0014-07
EB,15,STRUCTURE,
EB,16,CONTENT,EB-0016-01;EB-0016-02;EB-0016-03;EB-0016-04;EB-0016-05
EB,17,STRUCTURE,
EB,18,CONTENT,EB-0018-01;EB-0018-02;EB-0018-03;EB-0018-04;EB-0018-05
EB,19,STRUCTURE,
EB,20,CONTENT,EB-0020-01;EB-0020-02;EB-0020-03;EB-0020-04;EB-0020-05;EB-0020-06
EB,21,STRUCTURE,
EB,22,HEADING,
EB,23,CONTENT,EB-0023-01;EB-0023-02;EB-0023-03;EB-0023-04;EB-0023-05;EB-0023-06;EB-0023-07
EB,24,STRUCTURE,
EB,25,CONTENT,EB-0025-01;EB-0025-02;EB-0025-03;EB-0025-04
EB,26,STRUCTURE,
EB,27,CONTENT,EB-0027-01;EB-0027-02;EB-0027-03;EB-0027-04;EB-0027-05
EB,28,STRUCTURE,
EB,29,CONTENT,EB-0029-01;EB-0029-02;EB-0029-03
EB,30,STRUCTURE,
EB,31,HEADING,
EB,32,CONTENT,EB-0032-01;EB-0032-02;EB-0032-03;EB-0032-04;EB-0032-05;EB-0032-06
EB,33,STRUCTURE,
EB,34,CONTENT,EB-0034-01;EB-0034-02;EB-0034-03;EB-0034-04;EB-0034-05;EB-0034-06
EB,35,STRUCTURE,
EB,36,CONTENT,EB-0036-01;EB-0036-02;EB-0036-03;EB-0036-04
EB,37,STRUCTURE,
EB,38,HEADING,
EB,39,CONTENT,EB-0039-01;EB-0039-02;EB-0039-03;EB-0039-04
EB,40,STRUCTURE,
EB,41,CONTENT,EB-0041-01
EB,42,STRUCTURE,
EB,43,CONTENT,EB-0043-01;EB-0043-02;EB-0043-03;EB-0043-04;EB-0043-05
EB,44,STRUCTURE,
EB,45,HEADING,
EB,46,CONTENT,EB-0046-01;EB-0046-02;EB-0046-03;EB-0046-04;EB-0046-05
EB,47,STRUCTURE,
EB,48,CONTENT,EB-0048-01;EB-0048-02;EB-0048-03
EB,49,STRUCTURE,
EB,50,HEADING,
EB,51,CONTENT,EB-0051-01;EB-0051-02;EB-0051-03;EB-0051-04;EB-0051-05;EB-0051-06;EB-0051-07
EB,52,STRUCTURE,
EB,53,CONTENT,EB-0053-01;EB-0053-02;EB-0053-03;EB-0053-04;EB-0053-05
EB,54,STRUCTURE,
EB,55,CONTENT,EB-0055-01;EB-0055-02;EB-0055-03;EB-0055-04
EB,56,STRUCTURE,
EB,57,HEADING,
EB,58,CONTENT,EB-0058-01;EB-0058-02;EB-0058-03;EB-0058-04;EB-0058-05;EB-0058-06
EB,59,STRUCTURE,
EB,60,CONTENT,EB-0060-01;EB-0060-02;EB-0060-03;EB-0060-04;EB-0060-05;EB-0060-06
EB,61,STRUCTURE,
EB,62,HEADING,
EB,63,CONTENT,EB-0063-01;EB-0063-02;EB-0063-03;EB-0063-04;EB-0063-05;EB-0063-06
EB,64,STRUCTURE,
EB,65,CONTENT,EB-0065-01;EB-0065-02;EB-0065-03;EB-0065-04;EB-0065-05
EB,66,STRUCTURE,
EB,67,HEADING,
EB,68,CONTENT,EB-0068-01;EB-0068-02;EB-0068-03;EB-0068-04;EB-0068-05
EB,69,STRUCTURE,
EB,70,CONTENT,EB-0070-01;EB-0070-02;EB-0070-03;EB-0070-04;EB-0070-05;EB-0070-06
EB,71,STRUCTURE,
EB,72,HEADING,
EB,73,CONTENT,EB-0073-01;EB-0073-02;EB-0073-03;EB-0073-04;EB-0073-05;EB-0073-06
EB,74,STRUCTURE,
EB,75,CONTENT,EB-0075-01;EB-0075-02;EB-0075-03;EB-0075-04
EB,76,STRUCTURE,
EB,77,CONTENT,EB-0077-01;EB-0077-02;EB-0077-03
EB,78,STRUCTURE,
EB,79,HEADING,
EB,80,CONTENT,EB-0080-01;EB-0080-02;EB-0080-03;EB-0080-04;EB-0080-05;EB-0080-06
EB,81,STRUCTURE,
EB,82,CONTENT,EB-0082-01;EB-0082-02;EB-0082-03;EB-0082-04;EB-0082-05
EB,83,STRUCTURE,
EB,84,CONTENT,EB-0084-01;EB-0084-02;EB-0084-03;EB-0084-04;EB-0084-05;EB-0084-06
EB,85,STRUCTURE,
EB,86,CONTENT,EB-0086-01;EB-0086-02;EB-0086-03;EB-0086-04;EB-0086-05
EB,87,STRUCTURE,
EB,88,HEADING,
EB,89,CONTENT,EB-0089-01;EB-0089-02;EB-0089-03;EB-0089-04;EB-0089-05;EB-0089-06;EB-0089-07
EB,90,STRUCTURE,
EB,91,CONTENT,EB-0091-01;EB-0091-02;EB-0091-03;EB-0091-04;EB-0091-05;EB-0091-06
EB,92,STRUCTURE,
EB,93,CONTENT,EB-0093-01
EB,94,CONTENT,EB-0094-01
EB,95,CONTENT,EB-0095-01
EB,96,CONTENT,EB-0096-01
EB,97,CONTENT,EB-0097-01
EB,98,CONTENT,EB-0098-01
EB,99,CONTENT,EB-0099-01
EB,100,CONTENT,EB-0100-01
EB,101,CONTENT,EB-0101-01
EB,102,CONTENT,EB-0102-01
EB,103,STRUCTURE,
EB,104,CONTENT,EB-0104-01
EB,105,STRUCTURE,
EB,106,HEADING,
EB,107,CONTENT,EB-0107-01
EB,108,STRUCTURE,
EB,109,CONTENT,EB-0109-01
EB,110,STRUCTURE,
EB,111,CONTENT,EB-0111-01
EB,112,CONTENT,EB-0112-01
EB,113,CONTENT,EB-0113-01
EB,114,CONTENT,EB-0114-01
EB,115,CONTENT,EB-0115-01
EB,116,CONTENT,EB-0116-01
EB,117,CONTENT,EB-0117-01
EB,118,STRUCTURE,
EB,119,HEADING,
EB,120,CONTENT,EB-0120-01
EB,121,STRUCTURE,
EB,122,CONTENT,EB-0122-01
EB,123,STRUCTURE,
EB,124,CONTENT,EB-0124-01
EB,125,STRUCTURE,
EB,126,CONTENT,EB-0126-01
EB,127,STRUCTURE,
EB,128,CONTENT,EB-0128-01
EB,129,STRUCTURE,
EB,130,CONTENT,EB-0130-01
EB,131,STRUCTURE,
EB,132,CONTENT,EB-0132-01
EB,133,STRUCTURE,
EB,134,CONTENT,EB-0134-01
EB,135,STRUCTURE,
EB,136,CONTENT,EB-0136-01
EB,137,STRUCTURE,
EB,138,CONTENT,EB-0138-01
EB,139,STRUCTURE,
EB,140,HEADING,
EB,141,CONTENT,EB-0141-01
EB,142,CONTENT,EB-0142-01
EB,143,CONTENT,EB-0143-01
EB,144,CONTENT,EB-0144-01
EB,145,STRUCTURE,
EB,146,HEADING,
EB,147,CONTENT,EB-0147-01
EB,148,CONTENT,EB-0148-01
EB,149,CONTENT,EB-0149-01
EB,150,CONTENT,EB-0150-01
EB,151,CONTENT,EB-0151-01
EB,152,STRUCTURE,
EB,153,HEADING,
EB,154,CONTENT,EB-0154-01;EB-0154-02;EB-0154-03;EB-0154-04;EB-0154-05;EB-0154-06;EB-0154-07;EB-0154-08
EB,155,STRUCTURE,
WEB,1,HEADING,
WEB,2,CONTENT,WEB-0002-01
WEB,3,STRUCTURE,
WEB,4,CONTENT,WEB-0004-01
WEB,5,STRUCTURE,
WEB,6,STRUCTURE,
WEB,7,STRUCTURE,
WEB,8,HEADING,
WEB,9,STRUCTURE,
WEB,10,CONTENT,WEB-0010-01
WEB,11,STRUCTURE,
WEB,12,CONTENT,WEB-0012-01
WEB,13,STRUCTURE,
WEB,14,CONTENT,WEB-0014-01;WEB-0014-02;WEB-0014-03
WEB,15,STRUCTURE,
WEB,16,CONTENT,WEB-0016-01
WEB,17,STRUCTURE,
WEB,18,CONTENT,WEB-0018-01
WEB,19,STRUCTURE,
WEB,20,CONTENT,WEB-0020-01
WEB,21,STRUCTURE,
WEB,22,CONTENT,WEB-0022-01
WEB,23,STRUCTURE,
WEB,24,CONTENT,WEB-0024-01
WEB,25,STRUCTURE,
WEB,26,CONTENT,WEB-0026-01
WEB,27,STRUCTURE,
WEB,28,CONTENT,WEB-0028-01
WEB,29,STRUCTURE,
WEB,30,CONTENT,WEB-0030-01
WEB,31,STRUCTURE,
WEB,32,STRUCTURE,
WEB,33,STRUCTURE,
WEB,34,HEADING,
WEB,35,STRUCTURE,
WEB,36,CONTENT,WEB-0036-01
WEB,37,STRUCTURE,
WEB,38,CONTENT,WEB-0038-01
WEB,39,CONTENT,WEB-0039-01
WEB,40,CONTENT,WEB-0040-01
WEB,41,CONTENT,WEB-0041-01
WEB,42,CONTENT,WEB-0042-01
WEB,43,CONTENT,WEB-0043-01
WEB,44,CONTENT,WEB-0044-01
WEB,45,CONTENT,WEB-0045-01
WEB,46,CONTENT,WEB-0046-01
WEB,47,CONTENT,WEB-0047-01
WEB,48,CONTENT,WEB-0048-01
WEB,49,CONTENT,WEB-0049-01
WEB,50,STRUCTURE,
WEB,51,STRUCTURE,
WEB,52,STRUCTURE,
WEB,53,HEADING,
WEB,54,STRUCTURE,
WEB,55,HEADING,
WEB,56,STRUCTURE,
WEB,57,CONTENT,WEB-0057-01
WEB,58,STRUCTURE,
WEB,59,CONTENT,WEB-0059-01
WEB,60,CONTENT,WEB-0060-01
WEB,61,CONTENT,WEB-0061-01
WEB,62,CONTENT,WEB-0062-01
WEB,63,CONTENT,WEB-0063-01
WEB,64,CONTENT,WEB-0064-01
WEB,65,CONTENT,WEB-0065-01
WEB,66,CONTENT,WEB-0066-01
WEB,67,CONTENT,WEB-0067-01
WEB,68,CONTENT,WEB-0068-01
WEB,69,CONTENT,WEB-0069-01
WEB,70,CONTENT,WEB-0070-01
WEB,71,CONTENT,WEB-0071-01
WEB,72,CONTENT,WEB-0072-01
WEB,73,CONTENT,WEB-0073-01
WEB,74,CONTENT,WEB-0074-01
WEB,75,CONTENT,WEB-0075-01
WEB,76,CONTENT,WEB-0076-01
WEB,77,CONTENT,WEB-0077-01
WEB,78,CONTENT,WEB-0078-01
WEB,79,STRUCTURE,
WEB,80,CONTENT,WEB-0080-01
WEB,81,STRUCTURE,
WEB,82,STRUCTURE,
WEB,83,STRUCTURE,
WEB,84,HEADING,
WEB,85,STRUCTURE,
WEB,86,HEADING,
WEB,87,STRUCTURE,
WEB,88,HEADING,
WEB,89,STRUCTURE,
WEB,90,CONTENT,WEB-0090-01
WEB,91,CONTENT,WEB-0091-01
WEB,92,CONTENT,WEB-0092-01
WEB,93,CONTENT,WEB-0093-01
WEB,94,CONTENT,WEB-0094-01
WEB,95,CONTENT,WEB-0095-01
WEB,96,CONTENT,WEB-0096-01
WEB,97,STRUCTURE,
WEB,98,HEADING,
WEB,99,STRUCTURE,
WEB,100,CONTENT,WEB-0100-01
WEB,101,STRUCTURE,
WEB,102,HEADING,
WEB,103,STRUCTURE,
WEB,104,CONTENT,WEB-0104-01
WEB,105,CONTENT,WEB-0105-01
WEB,106,CONTENT,WEB-0106-01
WEB,107,CONTENT,WEB-0107-01
WEB,108,CONTENT,WEB-0108-01
WEB,109,STRUCTURE,
WEB,110,HEADING,
WEB,111,STRUCTURE,
WEB,112,CONTENT,WEB-0112-01
WEB,113,STRUCTURE,
WEB,114,CONTENT,WEB-0114-01
WEB,115,STRUCTURE,
WEB,116,CONTENT,WEB-0116-01
WEB,117,STRUCTURE,
WEB,118,CONTENT,WEB-0118-01
WEB,119,STRUCTURE,
WEB,120,CONTENT,WEB-0120-01
WEB,121,CONTENT,WEB-0121-01
WEB,122,CONTENT,WEB-0122-01
WEB,123,CONTENT,WEB-0123-01
WEB,124,CONTENT,WEB-0124-01
WEB,125,CONTENT,WEB-0125-01
WEB,126,CONTENT,WEB-0126-01
WEB,127,CONTENT,WEB-0127-01
WEB,128,CONTENT,WEB-0128-01
WEB,129,CONTENT,WEB-0129-01
WEB,130,STRUCTURE,
WEB,131,CONTENT,WEB-0131-01
WEB,132,STRUCTURE,
WEB,133,STRUCTURE,
WEB,134,STRUCTURE,
WEB,135,HEADING,
WEB,136,STRUCTURE,
WEB,137,CONTENT,WEB-0137-01
WEB,138,STRUCTURE,
WEB,139,CONTENT,WEB-0139-01
WEB,140,STRUCTURE,
WEB,141,CONTENT,WEB-0141-01
WEB,142,CONTENT,WEB-0142-01
WEB,143,CONTENT,WEB-0143-01
WEB,144,CONTENT,WEB-0144-01
WEB,145,CONTENT,WEB-0145-01
WEB,146,CONTENT,WEB-0146-01
WEB,147,CONTENT,WEB-0147-01
WEB,148,CONTENT,WEB-0148-01
WEB,149,CONTENT,WEB-0149-01
WEB,150,CONTENT,WEB-0150-01
WEB,151,CONTENT,WEB-0151-01
WEB,152,CONTENT,WEB-0152-01
WEB,153,STRUCTURE,
WEB,154,CONTENT,WEB-0154-01
WEB,155,STRUCTURE,
WEB,156,STRUCTURE,
WEB,157,STRUCTURE,
WEB,158,HEADING,
WEB,159,STRUCTURE,
WEB,160,CONTENT,WEB-0160-01
WEB,161,STRUCTURE,
WEB,162,HEADING,
WEB,163,STRUCTURE,
WEB,164,CONTENT,WEB-0164-01
WEB,165,STRUCTURE,
WEB,166,CONTENT,WEB-0166-01
WEB,167,CONTENT,WEB-0167-01
WEB,168,CONTENT,WEB-0168-01
WEB,169,CONTENT,WEB-0169-01
WEB,170,CONTENT,WEB-0170-01
WEB,171,CONTENT,WEB-0171-01
WEB,172,CONTENT,WEB-0172-01
WEB,173,STRUCTURE,
WEB,174,CONTENT,WEB-0174-01
WEB,175,STRUCTURE,
WEB,176,HEADING,
WEB,177,STRUCTURE,
WEB,178,CONTENT,WEB-0178-01
WEB,179,CONTENT,WEB-0179-01
WEB,180,CONTENT,WEB-0180-01
WEB,181,CONTENT,WEB-0181-01
WEB,182,CONTENT,WEB-0182-01
WEB,183,STRUCTURE,
WEB,184,CONTENT,WEB-0184-01
WEB,185,STRUCTURE,
WEB,186,HEADING,
WEB,187,STRUCTURE,
WEB,188,CONTENT,WEB-0188-01
WEB,189,STRUCTURE,
WEB,190,CONTENT,WEB-0190-01
WEB,191,STRUCTURE,
WEB,192,CONTENT,WEB-0192-01
WEB,193,CONTENT,WEB-0193-01
WEB,194,CONTENT,WEB-0194-01
WEB,195,CONTENT,WEB-0195-01
WEB,196,CONTENT,WEB-0196-01
WEB,197,CONTENT,WEB-0197-01
WEB,198,CONTENT,WEB-0198-01
WEB,199,CONTENT,WEB-0199-01
WEB,200,CONTENT,WEB-0200-01
WEB,201,CONTENT,WEB-0201-01
WEB,202,STRUCTURE,
WEB,203,HEADING,
WEB,204,STRUCTURE,
WEB,205,CONTENT,WEB-0205-01
WEB,206,STRUCTURE,
WEB,207,CONTENT,WEB-0207-01
WEB,208,STRUCTURE,
WEB,209,CONTENT,WEB-0209-01
WEB,210,STRUCTURE,
WEB,211,STRUCTURE,
WEB,212,STRUCTURE,
WEB,213,HEADING,
WEB,214,STRUCTURE,
WEB,215,CONTENT,WEB-0215-01
WEB,216,STRUCTURE,
WEB,217,CONTENT,WEB-0217-01
WEB,218,STRUCTURE,
WEB,219,CONTENT,WEB-0219-01
WEB,220,STRUCTURE,
WEB,221,HEADING,
WEB,222,STRUCTURE,
WEB,223,CONTENT,WEB-0223-01
WEB,224,CONTENT,WEB-0224-01
WEB,225,CONTENT,WEB-0225-01
WEB,226,CONTENT,WEB-0226-01
WEB,227,CONTENT,WEB-0227-01
WEB,228,CONTENT,WEB-0228-01
WEB,229,STRUCTURE,
WEB,230,HEADING,
WEB,231,STRUCTURE,
WEB,232,CONTENT,WEB-0232-01
WEB,233,CONTENT,WEB-0233-01
WEB,234,CONTENT,WEB-0234-01
WEB,235,CONTENT,WEB-0235-01
WEB,236,CONTENT,WEB-0236-01
WEB,237,CONTENT,WEB-0237-01
WEB,238,STRUCTURE,
WEB,239,HEADING,
WEB,240,STRUCTURE,
WEB,241,CONTENT,WEB-0241-01
WEB,242,CONTENT,WEB-0242-01
WEB,243,CONTENT,WEB-0243-01
WEB,244,CONTENT,WEB-0244-01
WEB,245,CONTENT,WEB-0245-01
WEB,246,STRUCTURE,
WEB,247,CONTENT,WEB-0247-01
WEB,248,STRUCTURE,
WEB,249,HEADING,
WEB,250,STRUCTURE,
WEB,251,CONTENT,WEB-0251-01
WEB,252,CONTENT,WEB-0252-01
WEB,253,CONTENT,WEB-0253-01
WEB,254,STRUCTURE,
WEB,255,HEADING,
WEB,256,STRUCTURE,
WEB,257,CONTENT,WEB-0257-01
WEB,258,CONTENT,WEB-0258-01
WEB,259,CONTENT,WEB-0259-01
WEB,260,STRUCTURE,
WEB,261,HEADING,
WEB,262,STRUCTURE,
WEB,263,CONTENT,WEB-0263-01
WEB,264,CONTENT,WEB-0264-01
WEB,265,CONTENT,WEB-0265-01
WEB,266,CONTENT,WEB-0266-01
WEB,267,STRUCTURE,
WEB,268,CONTENT,WEB-0268-01
WEB,269,STRUCTURE,
WEB,270,HEADING,
WEB,271,STRUCTURE,
WEB,272,CONTENT,WEB-0272-01
WEB,273,CONTENT,WEB-0273-01
WEB,274,CONTENT,WEB-0274-01
WEB,275,STRUCTURE,
WEB,276,HEADING,
WEB,277,STRUCTURE,
WEB,278,CONTENT,WEB-0278-01
WEB,279,CONTENT,WEB-0279-01
WEB,280,CONTENT,WEB-0280-01
WEB,281,CONTENT,WEB-0281-01
WEB,282,CONTENT,WEB-0282-01
WEB,283,STRUCTURE,
WEB,284,HEADING,
WEB,285,STRUCTURE,
WEB,286,CONTENT,WEB-0286-01
WEB,287,STRUCTURE,
WEB,288,CONTENT,WEB-0288-01
WEB,289,STRUCTURE,
WEB,290,CONTENT,WEB-0290-01
WEB,291,STRUCTURE,
WEB,292,CONTENT,WEB-0292-01
WEB,293,STRUCTURE,
WEB,294,STRUCTURE,
WEB,295,STRUCTURE,
WEB,296,HEADING,
WEB,297,STRUCTURE,
WEB,298,HEADING,
WEB,299,STRUCTURE,
WEB,300,CONTENT,WEB-0300-01
WEB,301,STRUCTURE,
WEB,302,CONTENT,WEB-0302-01
WEB,303,CONTENT,WEB-0303-01
WEB,304,CONTENT,WEB-0304-01
WEB,305,CONTENT,WEB-0305-01
WEB,306,CONTENT,WEB-0306-01
WEB,307,STRUCTURE,
WEB,308,CONTENT,WEB-0308-01
WEB,309,STRUCTURE,
WEB,310,HEADING,
WEB,311,STRUCTURE,
WEB,312,CONTENT,WEB-0312-01
WEB,313,STRUCTURE,
WEB,314,CONTENT,WEB-0314-01
WEB,315,STRUCTURE,
WEB,316,HEADING,
WEB,317,STRUCTURE,
WEB,318,CONTENT,WEB-0318-01
WEB,319,STRUCTURE,
WEB,320,CONTENT,WEB-0320-01
WEB,321,STRUCTURE,
WEB,322,CONTENT,WEB-0322-01
WEB,323,STRUCTURE,
WEB,324,HEADING,
WEB,325,STRUCTURE,
WEB,326,CONTENT,WEB-0326-01
WEB,327,STRUCTURE,
WEB,328,CONTENT,WEB-0328-01
WEB,329,STRUCTURE,
WEB,330,CONTENT,WEB-0330-01
WEB,331,STRUCTURE,
WEB,332,CONTENT,WEB-0332-01
WEB,333,STRUCTURE,
WEB,334,CONTENT,WEB-0334-01
WEB,335,STRUCTURE,
WEB,336,STRUCTURE,
WEB,337,STRUCTURE,
WEB,338,HEADING,
WEB,339,STRUCTURE,
WEB,340,CONTENT,WEB-0340-01
WEB,341,STRUCTURE,
WEB,342,CONTENT,WEB-0342-01
WEB,343,STRUCTURE,
WEB,344,CONTENT,WEB-0344-01
WEB,345,CONTENT,WEB-0345-01
WEB,346,CONTENT,WEB-0346-01
WEB,347,CONTENT,WEB-0347-01
WEB,348,CONTENT,WEB-0348-01
WEB,349,CONTENT,WEB-0349-01
WEB,350,CONTENT,WEB-0350-01
WEB,351,CONTENT,WEB-0351-01
WEB,352,CONTENT,WEB-0352-01
WEB,353,CONTENT,WEB-0353-01
WEB,354,CONTENT,WEB-0354-01
WEB,355,CONTENT,WEB-0355-01
WEB,356,CONTENT,WEB-0356-01
WEB,357,CONTENT,WEB-0357-01
WEB,358,CONTENT,WEB-0358-01
WEB,359,CONTENT,WEB-0359-01
WEB,360,CONTENT,WEB-0360-01
WEB,361,CONTENT,WEB-0361-01
WEB,362,CONTENT,WEB-0362-01
WEB,363,CONTENT,WEB-0363-01
WEB,364,CONTENT,WEB-0364-01
WEB,365,CONTENT,WEB-0365-01
WEB,366,CONTENT,WEB-0366-01
WEB,367,STRUCTURE,
WEB,368,HEADING,
WEB,369,STRUCTURE,
WEB,370,CONTENT,WEB-0370-01
WEB,371,STRUCTURE,
WEB,372,CONTENT,WEB-0372-01
WEB,373,CONTENT,WEB-0373-01
WEB,374,CONTENT,WEB-0374-01
WEB,375,CONTENT,WEB-0375-01
WEB,376,CONTENT,WEB-0376-01
WEB,377,CONTENT,WEB-0377-01
WEB,378,CONTENT,WEB-0378-01
WEB,379,CONTENT,WEB-0379-01
WEB,380,STRUCTURE,
WEB,381,CONTENT,WEB-0381-01
WEB,382,STRUCTURE,
WEB,383,STRUCTURE,
WEB,384,STRUCTURE,
WEB,385,HEADING,
WEB,386,STRUCTURE,
WEB,387,CONTENT,WEB-0387-01
WEB,388,STRUCTURE,
WEB,389,CONTENT,WEB-0389-01
WEB,390,STRUCTURE,
WEB,391,CONTENT,WEB-0391-01
WEB,392,STRUCTURE,
WEB,393,CONTENT,WEB-0393-01
WEB,394,STRUCTURE,
WEB,395,CONTENT,WEB-0395-01
WEB,396,STRUCTURE,
WEB,397,CONTENT,WEB-0397-01
WEB,398,STRUCTURE,
WEB,399,CONTENT,WEB-0399-01
WEB,400,CONTENT,WEB-0400-01
WEB,401,CONTENT,WEB-0401-01
WEB,402,STRUCTURE,
WEB,403,CONTENT,WEB-0403-01
WEB,404,STRUCTURE,
WEB,405,HEADING,
WEB,406,STRUCTURE,
WEB,407,CONTENT,WEB-0407-01
WEB,408,CONTENT,WEB-0408-01
WEB,409,STRUCTURE,
WEB,410,CONTENT,WEB-0410-01
WEB,411,CONTENT,WEB-0411-01
WEB,412,STRUCTURE,
WEB,413,CONTENT,WEB-0413-01
WEB,414,CONTENT,WEB-0414-01
WEB,415,STRUCTURE,
WEB,416,CONTENT,WEB-0416-01
WEB,417,STRUCTURE,
WEB,418,STRUCTURE,
WEB,419,STRUCTURE,
WEB,420,HEADING,
WEB,421,STRUCTURE,
WEB,422,HEADING,
WEB,423,STRUCTURE,
WEB,424,CONTENT,WEB-0424-01
WEB,425,STRUCTURE,
WEB,426,CONTENT,WEB-0426-01
WEB,427,STRUCTURE,
WEB,428,CONTENT,WEB-0428-01
WEB,429,STRUCTURE,
WEB,430,CONTENT,WEB-0430-01
WEB,431,STRUCTURE,
WEB,432,CONTENT,WEB-0432-01
WEB,433,STRUCTURE,
WEB,434,CONTENT,WEB-0434-01
WEB,435,STRUCTURE,
WEB,436,CONTENT,WEB-0436-01
WEB,437,STRUCTURE,
WEB,438,HEADING,
WEB,439,STRUCTURE,
WEB,440,CONTENT,WEB-0440-01
WEB,441,STRUCTURE,
WEB,442,CONTENT,WEB-0442-01
WEB,443,CONTENT,WEB-0443-01
WEB,444,CONTENT,WEB-0444-01
WEB,445,CONTENT,WEB-0445-01
WEB,446,CONTENT,WEB-0446-01
WEB,447,CONTENT,WEB-0447-01
WEB,448,CONTENT,WEB-0448-01
WEB,449,CONTENT,WEB-0449-01
WEB,450,CONTENT,WEB-0450-01
WEB,451,CONTENT,WEB-0451-01
WEB,452,CONTENT,WEB-0452-01
WEB,453,STRUCTURE,
WEB,454,HEADING,
WEB,455,STRUCTURE,
WEB,456,CONTENT,WEB-0456-01
WEB,457,STRUCTURE,
WEB,458,CONTENT,WEB-0458-01
WEB,459,STRUCTURE,
WEB,460,CONTENT,WEB-0460-01
WEB,461,STRUCTURE,
WEB,462,CONTENT,WEB-0462-01
WEB,463,STRUCTURE,
WEB,464,CONTENT,WEB-0464-01
WEB,465,STRUCTURE,
WEB,466,CONTENT,WEB-0466-01
WEB,467,CONTENT,WEB-0467-01
WEB,468,CONTENT,WEB-0468-01
WEB,469,CONTENT,WEB-0469-01
WEB,470,CONTENT,WEB-0470-01
WEB,471,CONTENT,WEB-0471-01
WEB,472,CONTENT,WEB-0472-01
WEB,473,STRUCTURE,
WEB,474,HEADING,
WEB,475,STRUCTURE,
WEB,476,CONTENT,WEB-0476-01
WEB,477,STRUCTURE,
WEB,478,CONTENT,WEB-0478-01
WEB,479,STRUCTURE,
WEB,480,CONTENT,WEB-0480-01
WEB,481,STRUCTURE,
WEB,482,STRUCTURE,
WEB,483,STRUCTURE,
WEB,484,HEADING,
WEB,485,STRUCTURE,
WEB,486,HEADING,
WEB,487,STRUCTURE,
WEB,488,CONTENT,WEB-0488-01
WEB,489,STRUCTURE,
WEB,490,CONTENT,WEB-0490-01
WEB,491,STRUCTURE,
WEB,492,CONTENT,WEB-0492-01
WEB,493,STRUCTURE,
WEB,494,HEADING,
WEB,495,STRUCTURE,
WEB,496,CONTENT,WEB-0496-01
WEB,497,STRUCTURE,
WEB,498,CONTENT,WEB-0498-01
WEB,499,STRUCTURE,
WEB,500,CONTENT,WEB-0500-01
WEB,501,CONTENT,WEB-0501-01
WEB,502,CONTENT,WEB-0502-01
WEB,503,CONTENT,WEB-0503-01
WEB,504,CONTENT,WEB-0504-01
WEB,505,CONTENT,WEB-0505-01
WEB,506,STRUCTURE,
WEB,507,CONTENT,WEB-0507-01
WEB,508,STRUCTURE,
WEB,509,HEADING,
WEB,510,STRUCTURE,
WEB,511,CONTENT,WEB-0511-01
WEB,512,STRUCTURE,
WEB,513,CONTENT,WEB-0513-01
WEB,514,CONTENT,WEB-0514-01
WEB,515,CONTENT,WEB-0515-01
WEB,516,CONTENT,WEB-0516-01
WEB,517,CONTENT,WEB-0517-01
WEB,518,STRUCTURE,
WEB,519,CONTENT,WEB-0519-01
WEB,520,STRUCTURE,
WEB,521,CONTENT,WEB-0521-01
WEB,522,STRUCTURE,
WEB,523,CONTENT,WEB-0523-01
WEB,524,STRUCTURE,
WEB,525,HEADING,
WEB,526,STRUCTURE,
WEB,527,CONTENT,WEB-0527-01
WEB,528,CONTENT,WEB-0528-01
WEB,529,CONTENT,WEB-0529-01
WEB,530,CONTENT,WEB-0530-01
WEB,531,CONTENT,WEB-0531-01
WEB,532,CONTENT,WEB-0532-01
WEB,533,CONTENT,WEB-0533-01
WEB,534,CONTENT,WEB-0534-01
WEB,535,CONTENT,WEB-0535-01
WEB,536,STRUCTURE,
WEB,537,CONTENT,WEB-0537-01
WEB,538,STRUCTURE,
WEB,539,CONTENT,WEB-0539-01
WEB,540,CONTENT,WEB-0540-01
WEB,541,CONTENT,WEB-0541-01
WEB,542,STRUCTURE,
WEB,543,CONTENT,WEB-0543-01
WEB,544,STRUCTURE,
WEB,545,CONTENT,WEB-0545-01
WEB,546,STRUCTURE,
WEB,547,CONTENT,WEB-0547-01
WEB,548,STRUCTURE,
WEB,549,CONTENT,WEB-0549-01
WEB,550,STRUCTURE,
WEB,551,STRUCTURE,
WEB,552,STRUCTURE,
WEB,553,HEADING,
WEB,554,STRUCTURE,
WEB,555,CONTENT,WEB-0555-01
WEB,556,STRUCTURE,
WEB,557,HEADING,
WEB,558,STRUCTURE,
WEB,559,CONTENT,WEB-0559-01
WEB,560,STRUCTURE,
WEB,561,CONTENT,WEB-0561-01
WEB,562,CONTENT,WEB-0562-01
WEB,563,CONTENT,WEB-0563-01
WEB,564,CONTENT,WEB-0564-01
WEB,565,CONTENT,WEB-0565-01
WEB,566,CONTENT,WEB-0566-01
WEB,567,CONTENT,WEB-0567-01
WEB,568,STRUCTURE,
WEB,569,CONTENT,WEB-0569-01
WEB,570,STRUCTURE,
WEB,571,CONTENT,WEB-0571-01
WEB,572,STRUCTURE,
WEB,573,CONTENT,WEB-0573-01
WEB,574,STRUCTURE,
WEB,575,CONTENT,WEB-0575-01
WEB,576,STRUCTURE,
WEB,577,HEADING,
WEB,578,STRUCTURE,
WEB,579,CONTENT,WEB-0579-01
WEB,580,STRUCTURE,
WEB,581,CONTENT,WEB-0581-01
WEB,582,STRUCTURE,
WEB,583,CONTENT,WEB-0583-01
WEB,584,STRUCTURE,
WEB,585,CONTENT,WEB-0585-01
WEB,586,CONTENT,WEB-0586-01
WEB,587,CONTENT,WEB-0587-01
WEB,588,CONTENT,WEB-0588-01
WEB,589,STRUCTURE,
WEB,590,HEADING,
WEB,591,STRUCTURE,
WEB,592,CONTENT,WEB-0592-01
WEB,593,STRUCTURE,
WEB,594,CONTENT,WEB-0594-01
WEB,595,CONTENT,WEB-0595-01
WEB,596,CONTENT,WEB-0596-01
WEB,597,CONTENT,WEB-0597-01
WEB,598,CONTENT,WEB-0598-01
WEB,599,STRUCTURE,
WEB,600,CONTENT,WEB-0600-01
WEB,601,STRUCTURE,
WEB,602,CONTENT,WEB-0602-01
WEB,603,CONTENT,WEB-0603-01
WEB,604,CONTENT,WEB-0604-01
WEB,605,CONTENT,WEB-0605-01
WEB,606,CONTENT,WEB-0606-01
WEB,607,CONTENT,WEB-0607-01
WEB,608,CONTENT,WEB-0608-01
WEB,609,STRUCTURE,
WEB,610,CONTENT,WEB-0610-01
WEB,611,STRUCTURE,
WEB,612,HEADING,
WEB,613,STRUCTURE,
WEB,614,CONTENT,WEB-0614-01
WEB,615,STRUCTURE,
WEB,616,CONTENT,WEB-0616-01
WEB,617,CONTENT,WEB-0617-01
WEB,618,CONTENT,WEB-0618-01
WEB,619,CONTENT,WEB-0619-01
WEB,620,CONTENT,WEB-0620-01
WEB,621,CONTENT,WEB-0621-01
WEB,622,CONTENT,WEB-0622-01
WEB,623,STRUCTURE,
WEB,624,CONTENT,WEB-0624-01
WEB,625,STRUCTURE,
WEB,626,CONTENT,WEB-0626-01
WEB,627,CONTENT,WEB-0627-01
WEB,628,STRUCTURE,
WEB,629,CONTENT,WEB-0629-01
WEB,630,STRUCTURE,
WEB,631,STRUCTURE,
WEB,632,STRUCTURE,
WEB,633,HEADING,
WEB,634,STRUCTURE,
WEB,635,CONTENT,WEB-0635-01
WEB,636,STRUCTURE,
WEB,637,CONTENT,WEB-0637-01
WEB,638,STRUCTURE,
WEB,639,CONTENT,WEB-0639-01
WEB,640,STRUCTURE,
WEB,641,CONTENT,WEB-0641-01
WEB,642,STRUCTURE,
WEB,643,CONTENT,WEB-0643-01
WEB,644,CONTENT,WEB-0644-01
WEB,645,CONTENT,WEB-0645-01
WEB,646,CONTENT,WEB-0646-01
WEB,647,CONTENT,WEB-0647-01
WEB,648,CONTENT,WEB-0648-01
WEB,649,CONTENT,WEB-0649-01
WEB,650,CONTENT,WEB-0650-01
WEB,651,STRUCTURE,
WEB,652,CONTENT,WEB-0652-01
WEB,653,STRUCTURE,
WEB,654,CONTENT,WEB-0654-01
WEB,655,CONTENT,WEB-0655-01
WEB,656,CONTENT,WEB-0656-01
WEB,657,CONTENT,WEB-0657-01
WEB,658,CONTENT,WEB-0658-01
WEB,659,STRUCTURE,
WEB,660,CONTENT,WEB-0660-01
WEB,661,STRUCTURE,
WEB,662,CONTENT,WEB-0662-01
WEB,663,CONTENT,WEB-0663-01
WEB,664,CONTENT,WEB-0664-01
WEB,665,CONTENT,WEB-0665-01
WEB,666,CONTENT,WEB-0666-01
WEB,667,CONTENT,WEB-0667-01
WEB,668,STRUCTURE,
WEB,669,HEADING,
WEB,670,STRUCTURE,
WEB,671,CONTENT,WEB-0671-01
WEB,672,STRUCTURE,
WEB,673,CONTENT,WEB-0673-01
WEB,674,STRUCTURE,
WEB,675,CONTENT,WEB-0675-01
WEB,676,STRUCTURE,
WEB,677,CONTENT,WEB-0677-01
WEB,678,CONTENT,WEB-0678-01
WEB,679,CONTENT,WEB-0679-01
WEB,680,STRUCTURE,
WEB,681,CONTENT,WEB-0681-01
WEB,682,STRUCTURE,
WEB,683,CONTENT,WEB-0683-01
WEB,684,STRUCTURE,
WEB,685,HEADING,
WEB,686,STRUCTURE,
WEB,687,CONTENT,WEB-0687-01
WEB,688,CONTENT,WEB-0688-01
WEB,689,CONTENT,WEB-0689-01
WEB,690,STRUCTURE,
WEB,691,CONTENT,WEB-0691-01
WEB,692,STRUCTURE,
WEB,693,CONTENT,WEB-0693-01
WEB,694,STRUCTURE,
WEB,695,CONTENT,WEB-0695-01
WEB,696,STRUCTURE,
WEB,697,STRUCTURE,
WEB,698,STRUCTURE,
WEB,699,HEADING,
WEB,700,STRUCTURE,
WEB,701,CONTENT,WEB-0701-01
WEB,702,STRUCTURE,
WEB,703,HEADING,
WEB,704,STRUCTURE,
WEB,705,CONTENT,WEB-0705-01
WEB,706,STRUCTURE,
WEB,707,CONTENT,WEB-0707-01
WEB,708,STRUCTURE,
WEB,709,CONTENT,WEB-0709-01
WEB,710,STRUCTURE,
WEB,711,CONTENT,WEB-0711-01
WEB,712,STRUCTURE,
WEB,713,HEADING,
WEB,714,STRUCTURE,
WEB,715,CONTENT,WEB-0715-01
WEB,716,STRUCTURE,
WEB,717,CONTENT,WEB-0717-01
WEB,718,STRUCTURE,
WEB,719,CONTENT,WEB-0719-01
WEB,720,STRUCTURE,
WEB,721,CONTENT,WEB-0721-01
WEB,722,STRUCTURE,
WEB,723,HEADING,
WEB,724,STRUCTURE,
WEB,725,CONTENT,WEB-0725-01
WEB,726,STRUCTURE,
WEB,727,CONTENT,WEB-0727-01
WEB,728,STRUCTURE,
WEB,729,CONTENT,WEB-0729-01
WEB,730,STRUCTURE,
WEB,731,CONTENT,WEB-0731-01
WEB,732,CONTENT,WEB-0732-01
WEB,733,CONTENT,WEB-0733-01
WEB,734,CONTENT,WEB-0734-01
WEB,735,CONTENT,WEB-0735-01
WEB,736,CONTENT,WEB-0736-01
WEB,737,CONTENT,WEB-0737-01
WEB,738,CONTENT,WEB-0738-01
WEB,739,CONTENT,WEB-0739-01
WEB,740,STRUCTURE,
WEB,741,CONTENT,WEB-0741-01
WEB,742,STRUCTURE,
WEB,743,HEADING,
WEB,744,STRUCTURE,
WEB,745,CONTENT,WEB-0745-01
WEB,746,STRUCTURE,
WEB,747,CONTENT,WEB-0747-01
WEB,748,STRUCTURE,
WEB,749,CONTENT,WEB-0749-01
WEB,750,STRUCTURE,
WEB,751,CONTENT,WEB-0751-01
WEB,752,STRUCTURE,
WEB,753,CONTENT,WEB-0753-01
WEB,754,CONTENT,WEB-0754-01
WEB,755,CONTENT,WEB-0755-01
WEB,756,CONTENT,WEB-0756-01
WEB,757,CONTENT,WEB-0757-01
WEB,758,CONTENT,WEB-0758-01
WEB,759,CONTENT,WEB-0759-01
WEB,760,CONTENT,WEB-0760-01
WEB,761,STRUCTURE,
WEB,762,STRUCTURE,
WEB,763,STRUCTURE,
WEB,764,HEADING,
WEB,765,STRUCTURE,
WEB,766,CONTENT,WEB-0766-01
WEB,767,STRUCTURE,
WEB,768,HEADING,
WEB,769,STRUCTURE,
WEB,770,CONTENT,WEB-0770-01
WEB,771,STRUCTURE,
WEB,772,CONTENT,WEB-0772-01
WEB,773,STRUCTURE,
WEB,774,HEADING,
WEB,775,STRUCTURE,
WEB,776,CONTENT,WEB-0776-01
WEB,777,STRUCTURE,
WEB,778,CONTENT,WEB-0778-01
WEB,779,STRUCTURE,
WEB,780,CONTENT,WEB-0780-01
WEB,781,CONTENT,WEB-0781-01
WEB,782,CONTENT,WEB-0782-01
WEB,783,CONTENT,WEB-0783-01
WEB,784,CONTENT,WEB-0784-01
WEB,785,STRUCTURE,
WEB,786,HEADING,
WEB,787,STRUCTURE,
WEB,788,CONTENT,WEB-0788-01
WEB,789,STRUCTURE,
WEB,790,HEADING,
WEB,791,STRUCTURE,
WEB,792,CONTENT,WEB-0792-01
WEB,793,STRUCTURE,
WEB,794,HEADING,
WEB,795,STRUCTURE,
WEB,796,CONTENT,WEB-0796-01
WEB,797,STRUCTURE,
WEB,798,HEADING,
WEB,799,STRUCTURE,
WEB,800,CONTENT,WEB-0800-01
WEB,801,STRUCTURE,
WEB,802,HEADING,
WEB,803,STRUCTURE,
WEB,804,CONTENT,WEB-0804-01
WEB,805,STRUCTURE,
WEB,806,HEADING,
WEB,807,STRUCTURE,
WEB,808,CONTENT,WEB-0808-01
WEB,809,STRUCTURE,
WEB,810,CONTENT,WEB-0810-01
WEB,811,STRUCTURE,
WEB,812,STRUCTURE,
WEB,813,STRUCTURE,
WEB,814,HEADING,
WEB,815,STRUCTURE,
WEB,816,CONTENT,WEB-0816-01
WEB,817,STRUCTURE,
WEB,818,CONTENT,WEB-0818-01
WEB,819,STRUCTURE,
WEB,820,CONTENT,WEB-0820-01
WEB,821,STRUCTURE,
WEB,822,CONTENT,WEB-0822-01
WEB,823,STRUCTURE,
WEB,824,HEADING,
WEB,825,STRUCTURE,
WEB,826,CONTENT,WEB-0826-01
WEB,827,STRUCTURE,
WEB,828,HEADING,
WEB,829,STRUCTURE,
WEB,830,CONTENT,WEB-0830-01
WEB,831,STRUCTURE,
WEB,832,HEADING,
WEB,833,STRUCTURE,
WEB,834,CONTENT,WEB-0834-01
WEB,835,STRUCTURE,
WEB,836,HEADING,
WEB,837,STRUCTURE,
WEB,838,CONTENT,WEB-0838-01
WEB,839,STRUCTURE,
WEB,840,HEADING,
WEB,841,STRUCTURE,
WEB,842,CONTENT,WEB-0842-01
WEB,843,STRUCTURE,
WEB,844,HEADING,
WEB,845,STRUCTURE,
WEB,846,CONTENT,WEB-0846-01
WEB,847,STRUCTURE,
WEB,848,CONTENT,WEB-0848-01
WEB,849,CONTENT,WEB-0849-01
WEB,850,CONTENT,WEB-0850-01
WEB,851,CONTENT,WEB-0851-01
WEB,852,CONTENT,WEB-0852-01
WEB,853,CONTENT,WEB-0853-01
WEB,854,CONTENT,WEB-0854-01
WEB,855,STRUCTURE,
WEB,856,CONTENT,WEB-0856-01
WEB,857,STRUCTURE,
WEB,858,CONTENT,WEB-0858-01
WEB,859,STRUCTURE,
WEB,860,STRUCTURE,
WEB,861,STRUCTURE,
WEB,862,HEADING,
WEB,863,STRUCTURE,
WEB,864,CONTENT,WEB-0864-01
WEB,865,STRUCTURE,
WEB,866,HEADING,
WEB,867,STRUCTURE,
WEB,868,CONTENT,WEB-0868-01
WEB,869,STRUCTURE,
WEB,870,HEADING,
WEB,871,STRUCTURE,
WEB,872,CONTENT,WEB-0872-01
WEB,873,STRUCTURE,
WEB,874,HEADING,
WEB,875,STRUCTURE,
WEB,876,CONTENT,WEB-0876-01
WEB,877,STRUCTURE,
WEB,878,HEADING,
WEB,879,STRUCTURE,
WEB,880,CONTENT,WEB-0880-01
WEB,881,CONTENT,WEB-0881-01
WEB,882,CONTENT,WEB-0882-01
WEB,883,CONTENT,WEB-0883-01
WEB,884,CONTENT,WEB-0884-01
WEB,885,CONTENT,WEB-0885-01
WEB,886,STRUCTURE,
WEB,887,HEADING,
WEB,888,STRUCTURE,
WEB,889,CONTENT,WEB-0889-01
WEB,890,CONTENT,WEB-0890-01
WEB,891,CONTENT,WEB-0891-01
WEB,892,CONTENT,WEB-0892-01
WEB,893,CONTENT,WEB-0893-01
WEB,894,CONTENT,WEB-0894-01
WEB,895,STRUCTURE,
WEB,896,HEADING,
WEB,897,STRUCTURE,
WEB,898,CONTENT,WEB-0898-01
WEB,899,CONTENT,WEB-0899-01
WEB,900,CONTENT,WEB-0900-01
WEB,901,CONTENT,WEB-0901-01
WEB,902,CONTENT,WEB-0902-01
WEB,903,CONTENT,WEB-0903-01
WEB,904,STRUCTURE,
WEB,905,STRUCTURE,
WEB,906,STRUCTURE,
WEB,907,HEADING,
WEB,908,STRUCTURE,
WEB,909,CONTENT,WEB-0909-01
WEB,910,STRUCTURE,
WEB,911,HEADING,
WEB,912,STRUCTURE,
WEB,913,CONTENT,WEB-0913-01
WEB,914,STRUCTURE,
WEB,915,CONTENT,WEB-0915-01
WEB,916,STRUCTURE,
WEB,917,HEADING,
WEB,918,STRUCTURE,
WEB,919,CONTENT,WEB-0919-01
WEB,920,STRUCTURE,
WEB,921,CONTENT,WEB-0921-01
WEB,922,STRUCTURE,
WEB,923,HEADING,
WEB,924,STRUCTURE,
WEB,925,CONTENT,WEB-0925-01
WEB,926,STRUCTURE,
WEB,927,CONTENT,WEB-0927-01
WEB,928,STRUCTURE,
WEB,929,HEADING,
WEB,930,STRUCTURE,
WEB,931,CONTENT,WEB-0931-01
WEB,932,STRUCTURE,
WEB,933,HEADING,
WEB,934,STRUCTURE,
WEB,935,CONTENT,WEB-0935-01
WEB,936,STRUCTURE,
WEB,937,CONTENT,WEB-0937-01
WEB,938,STRUCTURE,
WEB,939,STRUCTURE,
WEB,940,STRUCTURE,
WEB,941,HEADING,
WEB,942,STRUCTURE,
WEB,943,CONTENT,WEB-0943-01
WEB,944,STRUCTURE,
WEB,945,HEADING,
WEB,946,STRUCTURE,
WEB,947,CONTENT,WEB-0947-01
WEB,948,STRUCTURE,
WEB,949,CONTENT,WEB-0949-01
WEB,950,STRUCTURE,
WEB,951,CONTENT,WEB-0951-01
WEB,952,STRUCTURE,
WEB,953,CONTENT,WEB-0953-01
WEB,954,STRUCTURE,
WEB,955,HEADING,
WEB,956,STRUCTURE,
WEB,957,CONTENT,WEB-0957-01
WEB,958,STRUCTURE,
WEB,959,CONTENT,WEB-0959-01
WEB,960,STRUCTURE,
WEB,961,CONTENT,WEB-0961-01
WEB,962,STRUCTURE,
WEB,963,HEADING,
WEB,964,STRUCTURE,
WEB,965,CONTENT,WEB-0965-01
WEB,966,STRUCTURE,
WEB,967,CONTENT,WEB-0967-01
WEB,968,STRUCTURE,
WEB,969,HEADING,
WEB,970,STRUCTURE,
WEB,971,CONTENT,WEB-0971-01
WEB,972,STRUCTURE,
WEB,973,CONTENT,WEB-0973-01
WEB,974,STRUCTURE,
WEB,975,CONTENT,WEB-0975-01
WEB,976,STRUCTURE,
WEB,977,STRUCTURE,
WEB,978,STRUCTURE,
WEB,979,HEADING,
WEB,980,STRUCTURE,
WEB,981,CONTENT,WEB-0981-01
WEB,982,STRUCTURE,
WEB,983,CONTENT,WEB-0983-01
WEB,984,STRUCTURE,
WEB,985,CONTENT,WEB-0985-01
WEB,986,CONTENT,WEB-0986-01
WEB,987,CONTENT,WEB-0987-01
WEB,988,STRUCTURE,
WEB,989,HEADING,
WEB,990,STRUCTURE,
WEB,991,CONTENT,WEB-0991-01
WEB,992,CONTENT,WEB-0992-01
WEB,993,CONTENT,WEB-0993-01
WEB,994,CONTENT,WEB-0994-01
WEB,995,CONTENT,WEB-0995-01
WEB,996,CONTENT,WEB-0996-01
WEB,997,CONTENT,WEB-0997-01
WEB,998,CONTENT,WEB-0998-01
WEB,999,CONTENT,WEB-0999-01
WEB,1000,CONTENT,WEB-1000-01
WEB,1001,CONTENT,WEB-1001-01
WEB,1002,CONTENT,WEB-1002-01
WEB,1003,CONTENT,WEB-1003-01
WEB,1004,CONTENT,WEB-1004-01
WEB,1005,CONTENT,WEB-1005-01
WEB,1006,STRUCTURE,
WEB,1007,STRUCTURE,
WEB,1008,CONTENT,WEB-1008-01
WEB,1009,STRUCTURE,
WEB,1010,HEADING,
WEB,1011,STRUCTURE,
WEB,1012,HEADING,
WEB,1013,STRUCTURE,
WEB,1014,CONTENT,WEB-1014-01
WEB,1015,STRUCTURE,
WEB,1016,HEADING,
WEB,1017,STRUCTURE,
WEB,1018,CONTENT,WEB-1018-01
WEB,1019,STRUCTURE,
WEB,1020,CONTENT,WEB-1020-01
WEB,1021,CONTENT,WEB-1021-01
WEB,1022,CONTENT,WEB-1022-01
WEB,1023,CONTENT,WEB-1023-01
WEB,1024,CONTENT,WEB-1024-01
WEB,1025,CONTENT,WEB-1025-01
WEB,1026,STRUCTURE,
WEB,1027,CONTENT,WEB-1027-01
WEB,1028,STRUCTURE,
WEB,1029,HEADING,
WEB,1030,STRUCTURE,
WEB,1031,CONTENT,WEB-1031-01
WEB,1032,STRUCTURE,
WEB,1033,HEADING,
WEB,1034,STRUCTURE,
WEB,1035,CONTENT,WEB-1035-01
WEB,1036,STRUCTURE,
WEB,1037,HEADING,
WEB,1038,STRUCTURE,
WEB,1039,CONTENT,WEB-1039-01
WEB,1040,STRUCTURE,
WEB,1041,CONTENT,WEB-1041-01
WEB,1042,STRUCTURE,
WEB,1043,HEADING,
WEB,1044,STRUCTURE,
WEB,1045,CONTENT,WEB-1045-01
WEB,1046,STRUCTURE,
WEB,1047,CONTENT,WEB-1047-01
WEB,1048,STRUCTURE,
WEB,1049,CONTENT,WEB-1049-01
WEB,1050,STRUCTURE,
WEB,1051,STRUCTURE,
WEB,1052,STRUCTURE,
WEB,1053,HEADING,
WEB,1054,STRUCTURE,
WEB,1055,CONTENT,WEB-1055-01
WEB,1056,STRUCTURE,
WEB,1057,HEADING,
WEB,1058,STRUCTURE,
WEB,1059,CONTENT,WEB-1059-01
WEB,1060,STRUCTURE,
WEB,1061,CONTENT,WEB-1061-01
WEB,1062,STRUCTURE,
WEB,1063,CONTENT,WEB-1063-01
WEB,1064,STRUCTURE,
WEB,1065,CONTENT,WEB-1065-01
WEB,1066,STRUCTURE,
WEB,1067,CONTENT,WEB-1067-01
WEB,1068,CONTENT,WEB-1068-01
WEB,1069,CONTENT,WEB-1069-01
WEB,1070,CONTENT,WEB-1070-01
WEB,1071,CONTENT,WEB-1071-01
WEB,1072,STRUCTURE,
WEB,1073,CONTENT,WEB-1073-01
WEB,1074,STRUCTURE,
WEB,1075,HEADING,
WEB,1076,STRUCTURE,
WEB,1077,CONTENT,WEB-1077-01
WEB,1078,STRUCTURE,
WEB,1079,HEADING,
WEB,1080,STRUCTURE,
WEB,1081,CONTENT,WEB-1081-01
WEB,1082,STRUCTURE,
WEB,1083,CONTENT,WEB-1083-01
WEB,1084,STRUCTURE,
WEB,1085,CONTENT,WEB-1085-01
WEB,1086,STRUCTURE,
WEB,1087,CONTENT,WEB-1087-01
WEB,1088,STRUCTURE,
WEB,1089,HEADING,
WEB,1090,STRUCTURE,
WEB,1091,CONTENT,WEB-1091-01
WEB,1092,STRUCTURE,
WEB,1093,CONTENT,WEB-1093-01
WEB,1094,STRUCTURE,
WEB,1095,CONTENT,WEB-1095-01
WEB,1096,STRUCTURE,
WEB,1097,CONTENT,WEB-1097-01
WEB,1098,STRUCTURE,
WEB,1099,HEADING,
WEB,1100,STRUCTURE,
WEB,1101,CONTENT,WEB-1101-01
WEB,1102,STRUCTURE,
WEB,1103,CONTENT,WEB-1103-01
WEB,1104,STRUCTURE,
WEB,1105,HEADING,
WEB,1106,STRUCTURE,
WEB,1107,CONTENT,WEB-1107-01
WEB,1108,STRUCTURE,
WEB,1109,CONTENT,WEB-1109-01
WEB,1110,STRUCTURE,
WEB,1111,CONTENT,WEB-1111-01
WEB,1112,STRUCTURE,
WEB,1113,HEADING,
WEB,1114,STRUCTURE,
WEB,1115,CONTENT,WEB-1115-01
WEB,1116,STRUCTURE,
WEB,1117,CONTENT,WEB-1117-01
WEB,1118,STRUCTURE,
WEB,1119,CONTENT,WEB-1119-01
WEB,1120,CONTENT,WEB-1120-01
WEB,1121,CONTENT,WEB-1121-01
WEB,1122,CONTENT,WEB-1122-01
WEB,1123,CONTENT,WEB-1123-01
WEB,1124,STRUCTURE,
WEB,1125,HEADING,
WEB,1126,STRUCTURE,
WEB,1127,CONTENT,WEB-1127-01
WEB,1128,STRUCTURE,
WEB,1129,CONTENT,WEB-1129-01
WEB,1130,STRUCTURE,
WEB,1131,CONTENT,WEB-1131-01
WEB,1132,STRUCTURE,
WEB,1133,HEADING,
WEB,1134,STRUCTURE,
WEB,1135,CONTENT,WEB-1135-01
WEB,1136,STRUCTURE,
WEB,1137,CONTENT,WEB-1137-01
WEB,1138,STRUCTURE,
WEB,1139,CONTENT,WEB-1139-01
WEB,1140,STRUCTURE,
WEB,1141,CONTENT,WEB-1141-01
WEB,1142,STRUCTURE,
WEB,1143,CONTENT,WEB-1143-01
WEB,1144,STRUCTURE,
WEB,1145,HEADING,
WEB,1146,STRUCTURE,
WEB,1147,CONTENT,WEB-1147-01
WEB,1148,STRUCTURE,
WEB,1149,CONTENT,WEB-1149-01
WEB,1150,STRUCTURE,
WEB,1151,CONTENT,WEB-1151-01
WEB,1152,STRUCTURE,
WEB,1153,CONTENT,WEB-1153-01
WEB,1154,STRUCTURE,
WEB,1155,CONTENT,WEB-1155-01
WEB,1156,STRUCTURE,
WEB,1157,HEADING,
WEB,1158,STRUCTURE,
WEB,1159,CONTENT,WEB-1159-01
WEB,1160,STRUCTURE,
WEB,1161,CONTENT,WEB-1161-01
WEB,1162,STRUCTURE,
WEB,1163,CONTENT,WEB-1163-01
WEB,1164,STRUCTURE,
WEB,1165,HEADING,
WEB,1166,STRUCTURE,
WEB,1167,CONTENT,WEB-1167-01
WEB,1168,STRUCTURE,
WEB,1169,CONTENT,WEB-1169-01
WEB,1170,STRUCTURE,
WEB,1171,CONTENT,WEB-1171-01
WEB,1172,STRUCTURE,
WEB,1173,STRUCTURE,
WEB,1174,STRUCTURE,
WEB,1175,HEADING,
WEB,1176,STRUCTURE,
WEB,1177,HEADING,
WEB,1178,STRUCTURE,
WEB,1179,CONTENT,WEB-1179-01
WEB,1180,STRUCTURE,
WEB,1181,CONTENT,WEB-1181-01
WEB,1182,STRUCTURE,
WEB,1183,CONTENT,WEB-1183-01
WEB,1184,STRUCTURE,
WEB,1185,HEADING,
WEB,1186,STRUCTURE,
WEB,1187,CONTENT,WEB-1187-01
WEB,1188,STRUCTURE,
WEB,1189,HEADING,
WEB,1190,STRUCTURE,
WEB,1191,CONTENT,WEB-1191-01
WEB,1192,STRUCTURE,
WEB,1193,CONTENT,WEB-1193-01
WEB,1194,STRUCTURE,
WEB,1195,CONTENT,WEB-1195-01
WEB,1196,CONTENT,WEB-1196-01
WEB,1197,CONTENT,WEB-1197-01
WEB,1198,CONTENT,WEB-1198-01
WEB,1199,CONTENT,WEB-1199-01
WEB,1200,STRUCTURE,
WEB,1201,HEADING,
WEB,1202,STRUCTURE,
WEB,1203,CONTENT,WEB-1203-01
WEB,1204,STRUCTURE,
WEB,1205,CONTENT,WEB-1205-01
WEB,1206,STRUCTURE,
WEB,1207,CONTENT,WEB-1207-01
WEB,1208,STRUCTURE,
WEB,1209,CONTENT,WEB-1209-01
WEB,1210,STRUCTURE,
WEB,1211,HEADING,
WEB,1212,STRUCTURE,
WEB,1213,CONTENT,WEB-1213-01
WEB,1214,STRUCTURE,
WEB,1215,CONTENT,WEB-1215-01
WEB,1216,STRUCTURE,
WEB,1217,CONTENT,WEB-1217-01
WEB,1218,STRUCTURE,
WEB,1219,CONTENT,WEB-1219-01
WEB,1220,STRUCTURE,
WEB,1221,HEADING,
WEB,1222,STRUCTURE,
WEB,1223,CONTENT,WEB-1223-01
WEB,1224,STRUCTURE,
WEB,1225,HEADING,
WEB,1226,STRUCTURE,
WEB,1227,CONTENT,WEB-1227-01
WEB,1228,STRUCTURE,
WEB,1229,HEADING,
WEB,1230,STRUCTURE,
WEB,1231,CONTENT,WEB-1231-01
WEB,1232,STRUCTURE,
WEB,1233,HEADING,
WEB,1234,STRUCTURE,
WEB,1235,CONTENT,WEB-1235-01
WEB,1236,STRUCTURE,
WEB,1237,CONTENT,WEB-1237-01
WEB,1238,STRUCTURE,
WEB,1239,HEADING,
WEB,1240,STRUCTURE,
WEB,1241,CONTENT,WEB-1241-01
WEB,1242,STRUCTURE,
WEB,1243,CONTENT,WEB-1243-01
WEB,1244,STRUCTURE,
WEB,1245,CONTENT,WEB-1245-01
WEB,1246,STRUCTURE,
WEB,1247,CONTENT,WEB-1247-01
WEB,1248,STRUCTURE,
WEB,1249,STRUCTURE,
WEB,1250,STRUCTURE,
WEB,1251,HEADING,
WEB,1252,STRUCTURE,
WEB,1253,CONTENT,WEB-1253-01
WEB,1254,CONTENT,WEB-1254-01
WEB,1255,CONTENT,WEB-1255-01
WEB,1256,CONTENT,WEB-1256-01
WEB,1257,CONTENT,WEB-1257-01
WEB,1258,CONTENT,WEB-1258-01
WEB,1259,CONTENT,WEB-1259-01
WEB,1260,CONTENT,WEB-1260-01
WEB,1261,CONTENT,WEB-1261-01
WEB,1262,CONTENT,WEB-1262-01
WEB,1263,CONTENT,WEB-1263-01
WEB,1264,CONTENT,WEB-1264-01
WEB,1265,CONTENT,WEB-1265-01
WEB,1266,CONTENT,WEB-1266-01
WEB,1267,CONTENT,WEB-1267-01
WEB,1268,CONTENT,WEB-1268-01
WEB,1269,CONTENT,WEB-1269-01
WEB,1270,CONTENT,WEB-1270-01
WEB,1271,CONTENT,WEB-1271-01
WEB,1272,CONTENT,WEB-1272-01
WEB,1273,STRUCTURE,
WEB,1274,CONTENT,WEB-1274-01
WEB,1275,STRUCTURE,
WEB,1276,STRUCTURE,
WEB,1277,STRUCTURE,
WEB,1278,HEADING,
WEB,1279,STRUCTURE,
WEB,1280,CONTENT,WEB-1280-01
WEB,1281,STRUCTURE,
WEB,1282,HEADING,
WEB,1283,STRUCTURE,
WEB,1284,HEADING,
WEB,1285,STRUCTURE,
WEB,1286,CONTENT,WEB-1286-01
WEB,1287,STRUCTURE,
WEB,1288,HEADING,
WEB,1289,STRUCTURE,
WEB,1290,CONTENT,WEB-1290-01
WEB,1291,CONTENT,WEB-1291-01
WEB,1292,CONTENT,WEB-1292-01
WEB,1293,CONTENT,WEB-1293-01
WEB,1294,CONTENT,WEB-1294-01
WEB,1295,CONTENT,WEB-1295-01
WEB,1296,STRUCTURE,
WEB,1297,HEADING,
WEB,1298,STRUCTURE,
WEB,1299,CONTENT,WEB-1299-01
WEB,1300,STRUCTURE,
WEB,1301,HEADING,
WEB,1302,STRUCTURE,
WEB,1303,CONTENT,WEB-1303-01
WEB,1304,CONTENT,WEB-1304-01
WEB,1305,CONTENT,WEB-1305-01
WEB,1306,CONTENT,WEB-1306-01
WEB,1307,CONTENT,WEB-1307-01
WEB,1308,CONTENT,WEB-1308-01
WEB,1309,CONTENT,WEB-1309-01
WEB,1310,CONTENT,WEB-1310-01
WEB,1311,STRUCTURE,
WEB,1312,HEADING,
WEB,1313,STRUCTURE,
WEB,1314,HEADING,
WEB,1315,STRUCTURE,
WEB,1316,CONTENT,WEB-1316-01
WEB,1317,STRUCTURE,
WEB,1318,CONTENT,WEB-1318-01
WEB,1319,STRUCTURE,
WEB,1320,HEADING,
WEB,1321,STRUCTURE,
WEB,1322,CONTENT,WEB-1322-01
WEB,1323,CONTENT,WEB-1323-01
WEB,1324,CONTENT,WEB-1324-01
WEB,1325,CONTENT,WEB-1325-01
WEB,1326,CONTENT,WEB-1326-01
WEB,1327,CONTENT,WEB-1327-01
WEB,1328,CONTENT,WEB-1328-01
WEB,1329,STRUCTURE,
WEB,1330,CONTENT,WEB-1330-01
WEB,1331,STRUCTURE,
WEB,1332,HEADING,
WEB,1333,STRUCTURE,
WEB,1334,CONTENT,WEB-1334-01
WEB,1335,STRUCTURE,
WEB,1336,CONTENT,WEB-1336-01
WEB,1337,CONTENT,WEB-1337-01
WEB,1338,CONTENT,WEB-1338-01
WEB,1339,CONTENT,WEB-1339-01
WEB,1340,CONTENT,WEB-1340-01
WEB,1341,CONTENT,WEB-1341-01
WEB,1342,CONTENT,WEB-1342-01
WEB,1343,CONTENT,WEB-1343-01
WEB,1344,STRUCTURE,
WEB,1345,HEADING,
WEB,1346,STRUCTURE,
WEB,1347,HEADING,
WEB,1348,STRUCTURE,
WEB,1349,CONTENT,WEB-1349-01
WEB,1350,STRUCTURE,
WEB,1351,CONTENT,WEB-1351-01
WEB,1352,STRUCTURE,
WEB,1353,CONTENT,WEB-1353-01
WEB,1354,STRUCTURE,
WEB,1355,CONTENT,WEB-1355-01
WEB,1356,STRUCTURE,
WEB,1357,HEADING,
WEB,1358,STRUCTURE,
WEB,1359,HEADING,
WEB,1360,STRUCTURE,
WEB,1361,HEADING,
WEB,1362,STRUCTURE,
WEB,1363,CONTENT,WEB-1363-01
WEB,1364,STRUCTURE,
WEB,1365,CONTENT,WEB-1365-01
WEB,1366,CONTENT,WEB-1366-01
WEB,1367,CONTENT,WEB-1367-01
WEB,1368,CONTENT,WEB-1368-01
WEB,1369,CONTENT,WEB-1369-01
WEB,1370,CONTENT,WEB-1370-01
WEB,1371,CONTENT,WEB-1371-01
WEB,1372,CONTENT,WEB-1372-01
WEB,1373,CONTENT,WEB-1373-01
WEB,1374,CONTENT,WEB-1374-01
WEB,1375,STRUCTURE,
WEB,1376,CONTENT,WEB-1376-01
WEB,1377,STRUCTURE,
WEB,1378,HEADING,
WEB,1379,STRUCTURE,
WEB,1380,HEADING,
WEB,1381,STRUCTURE,
WEB,1382,CONTENT,WEB-1382-01
WEB,1383,STRUCTURE,
WEB,1384,CONTENT,WEB-1384-01
WEB,1385,STRUCTURE,
WEB,1386,CONTENT,WEB-1386-01
WEB,1387,STRUCTURE,
WEB,1388,HEADING,
WEB,1389,STRUCTURE,
WEB,1390,CONTENT,WEB-1390-01
WEB,1391,STRUCTURE,
WEB,1392,CONTENT,WEB-1392-01
WEB,1393,STRUCTURE,
WEB,1394,CONTENT,WEB-1394-01
WEB,1395,STRUCTURE,
WEB,1396,STRUCTURE,
WEB,1397,STRUCTURE,
WEB,1398,HEADING,
WEB,1399,STRUCTURE,
WEB,1400,CONTENT,WEB-1400-01
WEB,1401,STRUCTURE,
WEB,1402,CONTENT,WEB-1402-01
WEB,1403,STRUCTURE,
WEB,1404,CONTENT,WEB-1404-01
WEB,1405,STRUCTURE,
WEB,1406,CONTENT,WEB-1406-01
WEB,1407,STRUCTURE,
WEB,1408,CONTENT,WEB-1408-01
WEB,1409,STRUCTURE,
WEB,1410,CONTENT,WEB-1410-01
WEB,1411,STRUCTURE,
WEB,1412,CONTENT,WEB-1412-01
WEB,1413,STRUCTURE,
WEB,1414,CONTENT,WEB-1414-01
