ID,TOPIC,PREVIOUS AUDIT,EVIDENCE BASE,WEB INTELLIGENCE,FOUNDER DECISION,CONFLICT?,FINAL DECISION,EVIDENCE LEVEL,LEGAL STATUS,ACTION,DOCUMENTS TO UPDATE
R001,CV,Brak wymaganego CV; prywatny import później,"Skills-first, ale CV traktowane jako jeden predyktor",Profil bez CV; miejscami copy „mniej CV”,§2: dokument nigdy do firmy,YES — korekta / ograniczenie / niepotwierdzona teza,ZERO CV w procesie; przyszły import tylko prywatny,FOUNDER DECISION,GDPR REVIEW,ACCEPT WITH MODIFICATION,"03,05,06,07"
R002,Tożsamość pierwszego etapu,Pseudonim i późniejsze ujawnienie,Anonimizacja może zmniejszać bias,Candidate-controlled reveal,"§3: imię dozwolone; nazwisko, zdjęcie, wiek, telefon ukryte",YES — korekta / ograniczenie / niepotwierdzona teza,Serwerowa projekcja z imieniem i kontrolą ujawnienia telefonu po awansie,FOUNDER DECISION; skuteczność HYPOTHESIS,GDPR REVIEW,ACCEPT WITH MODIFICATION,"03,05,14"
R003,Historia stanowisk i firm,Historia jako opcjonalny kontekst,Brak bezpośredniego dowodu na usunięcie prestige bias,Evidence graph; copy „potem etykiety”,§4: nie pokazujemy tytułów i firm,YES — korekta / ograniczenie / niepotwierdzona teza,Zakaz także w późniejszych projekcjach; zadania i praktyka zamiast etykiet,FOUNDER DECISION,GDPR REVIEW,ACCEPT WITH MODIFICATION,"03,05,08"
R004,AI tłumaczy doświadczenie,Confirmed/inferred/unknown,Weryfikacja deklaracji,Inferred skills osobną warstwą,"§5,33: każda propozycja zatwierdzana",NO — zachowanie/doprecyzowanie,Proposal nie jest SkillClaim; tytuł pracy nie dowodzi wykonywania czynności,FOUNDER DECISION,AI/GDPR REVIEW,ACCEPT WITH MODIFICATION,"05,08"
R005,Cztery części profilu,5–8 kompetencji w pilocie,Profil nie może przeciążać,Declared/verified/inferred,"§6: potrafię, rozwijam, chcę, mam doświadczenie",YES — korekta / ograniczenie / niepotwierdzona teza,Cztery sekcje; krótki start bez obowiązkowego testu lub liczby kompetencji,FOUNDER DECISION; UX TEST FIRST,GDPR REVIEW,ACCEPT WITH MODIFICATION,"05,08,14"
R006,Źródła kompetencji,Dowody rozdzielone,Ryzyko credentialism,Evidence graph,"§6,32: źródło, poziom, praktyka, dowód, weryfikacja",NO — zachowanie/doprecyzowanie,Nie zrównywać automatycznie hobby i pracy; nie dyskwalifikować hobby,FOUNDER DECISION,FAIRNESS REVIEW,ACCEPT WITH MODIFICATION,08
R007,Poziomy kompetencji,Rozbudowana skala domenowa,Brak ogólnej wartości człowieka,Kompetencje i dowody,§7: poziomy opisowe,YES — korekta / ograniczenie / niepotwierdzona teza,Podstawy / samodzielnie / swobodnie z kotwicą zadaniową,FOUNDER DECISION; kotwice TEST FIRST,FAIRNESS REVIEW,ACCEPT WITH MODIFICATION,08
R008,Początkujący,Wąski pierwszy segment,Nieformalne doświadczenie pomaga,Pierwsza praca i career switch,"§8,41: inkluzywne grupy",YES — korekta / ograniczenie / niepotwierdzona teza,Brak doświadczenia nie blokuje konta ani wartości; profil aspiracji dozwolony,FOUNDER DECISION,EQUALITY REVIEW,ACCEPT WITH MODIFICATION,"05,15,16"
R009,Nauczymy Cię,Growth Match,Droga do pracy hipotezą,Learning feedback loop,§9: MUST/NICE/WILL_TEACH,NO — zachowanie/doprecyzowanie,Nauka nie jest blokadą; firma opisuje realną pomoc,FOUNDER DECISION,CLAIM ACCURACY,ACCEPT WITH MODIFICATION,"08,09"
R010,Droga do tej pracy,Eligibility/Growth,Test zrozumienia,Transferable-skills bridge,"§10: posiadane, luki, bariery, nauka",NO — zachowanie/doprecyzowanie,Wyjaśnienie bez globalnego werdyktu o człowieku,FOUNDER DECISION; UX TEST FIRST,AI/GDPR REVIEW,ACCEPT WITH MODIFICATION,"05,08"
R011,Explainable matching,"Pięć wymiarów, nie magiczne %",Ryzyko automation bias,Dlaczego widzisz ofertę,"§11: konkrety, nie MATCH82",NO — zachowanie/doprecyzowanie,Spełnione/niepotwierdzone/niespełnione na wymaganie,FOUNDER DECISION,AI/GDPR REVIEW,ACCEPT WITH MODIFICATION,"04,08"
R012,Dostępność rozpoczęcia,Preferencje profilu,Bez rozstrzygnięcia,Warunki i onboarding,§12: realna deklaracja,NO — zachowanie/doprecyzowanie,IMMEDIATE/AFTER_PERIOD/ON_DATE; czas odniesienia i data aktualizacji,FOUNDER DECISION,GDPR REVIEW,ACCEPT WITH MODIFICATION,"05,09"
R013,Natywna oferta,Wspólny kreator,Jawne warunki popierane,Strukturyzacja,§13: wspólny model,NO — zachowanie/doprecyzowanie,Wersjonowane fakty pracodawcy; AI jedynie redakcja draftu,FOUNDER DECISION,EMPLOYMENT REVIEW,ACCEPT WITH MODIFICATION,"06,09"
R014,Dwa zegary,SLA i postęp oddzielnie,Timely rejection nie równa się całemu procesowi,Wzmianki o terminach,§14: reakcja oraz późniejszy proces,NO — zachowanie/doprecyzowanie,Pierwsza merytoryczna odpowiedź i późniejsze deadline osobno,FOUNDER DECISION,CLAIM ACCURACY,ACCEPT WITH MODIFICATION,"09,11,12"
R015,Powód odrzucenia,Ustrukturyzowany powód,Wymuszenie pola; brak dowodu jakości,Useful rejection,§15: konkretne wymaganie,NO — zachowanie/doprecyzowanie,ReasonCode oraz requirementId przy porównaniu; brak fikcyjnego braku kompetencji,FOUNDER DECISION; skuteczność HYPOTHESIS,EQUALITY/GDPR REVIEW,ACCEPT WITH MODIFICATION,"06,11"
R016,Symetria odpowiedzialności,Brak globalnej reputacji ludzi,Ghosting obu stron,Process reliability,§16: odpowiedzialność obu stron,NO — zachowanie/doprecyzowanie,"Takie same prawa korekty i odwołania, różne obowiązki ról",FOUNDER DECISION,GDPR/DSA REVIEW,ACCEPT WITH MODIFICATION,12
R017,Ghost jobs,Moderacja i antyrepost,Ryzyko masowego odrzucania,Wzorce i aktualność,"§17: wzorzec, nie intencja",NO — zachowanie/doprecyzowanie,Sygnał do sprawy moderacyjnej; nigdy automatyczna etykieta oszustwa,FOUNDER DECISION; detekcja TEST FIRST,MODERATION REVIEW,ACCEPT WITH MODIFICATION,12
R018,Aktualność ofert,Potwierdzenia i zamknięcie,Brak osobnego rozstrzygnięcia,Aktualność ważna,§18: okresowe potwierdzenie,NO — zachowanie/doprecyzowanie,Reconfirmation i pauza nowych zgłoszeń; istniejące procesy nadal obsługiwane,FOUNDER DECISION; okres TEST FIRST,PLATFORM TERMS,ACCEPT WITH MODIFICATION,"09,12"
R019,Diff oferty,Wersjonowanie już zalecane,Transparentność ogólna,Changes since application,§19: konkretny diff,NO — zachowanie/doprecyzowanie,Snapshot wersji przy zainteresowaniu; odróżnij zmianę danych i nowy szacunek netto,FOUNDER DECISION,GDPR/CONTRACT REVIEW,ACCEPT WITH MODIFICATION,"09,11,13"
R020,Obserwowanie,Nie rdzeń delty,Brak osobnej rekomendacji,Alerty zmian,"§20: prywatne, nie zgłoszenie",NO — zachowanie/doprecyzowanie,Watchlist poza employer API i analytics; oddzielny consent kanałów,FOUNDER DECISION,GDPR/PKE REVIEW,ACCEPT WITH MODIFICATION,"05,09"
R021,Job Economics,Nie pełny engine,Hipoteza wpływu dojazdu,Routing+paliwo+taryfy,"§21,48: koszty i czas osobno",NO — zachowanie/doprecyzowanie,"Szacunki, źródła, daty, założenia; nie wymuszamy dokładnego adresu",FOUNDER DECISION; efekt HYPOTHESIS,TAX/DATA LICENSE REVIEW,ACCEPT WITH MODIFICATION,13
R022,Effective Hourly Value,Nie rdzeń,Brak rozstrzygnięcia,§21.6 proponuje iloraz pieniędzy i czasu,§22: odrzucone,YES — korekta / ograniczenie / niepotwierdzona teza,Nie implementować ani ukrytej pochodnej tej miary,FOUNDER DECISION,NOT APPLICABLE,REJECT — FOUNDER DECISION,20
R023,Porównywarka,Dopasowanie bez jednej liczby,Brak dowodu konkretnego formatu,Job Economics utility,§23: wpływ na życie bez Life Score,NO — zachowanie/doprecyzowanie,Porównywalne podstawy i jawne braki danych; czas nie monetyzowany,FOUNDER DECISION; UX TEST FIRST,TAX REVIEW,ACCEPT WITH MODIFICATION,"05,13,14"
R024,Hard constraints,Eligibility/preferencje,Ryzyko nadmiaru MUST,Preferencje i warunki,§24: osobne twarde granice,NO — zachowanie/doprecyzowanie,Jawny filtr wybrany przez kandydata; unknown nie jest spełnione ani niespełnione,FOUNDER DECISION,FAIRNESS REVIEW,ACCEPT WITH MODIFICATION,"08,13"
R025,Podgląd pracodawcy,Snapshot udostępniania,Kontrola danych,Controlled reveal,§25: dokładny podgląd,NO — zachowanie/doprecyzowanie,"To samo DTO i polityka co rzeczywista projekcja, nie makieta",FOUNDER DECISION,GDPR REVIEW,ACCEPT WITH MODIFICATION,"04,05"
R026,Assessment Center,Wersjonowane zadania,Walidacja i proporcjonalność,Short/accessible/reusable,"§26: typ, liczba, limit, termin przed Start",NO — zachowanie/doprecyzowanie,Timer serwerowy od jawnego Start; deadline niezależny,FOUNDER DECISION,AI/GDPR/EQUALITY REVIEW,ACCEPT WITH MODIFICATION,10
R027,AI test draft,Human review,Audyt pytań,AI generation commodity,§27: zatwierdza pracodawca,NO — zachowanie/doprecyzowanie,Draft→review→approved version; edycja unieważnia approval,FOUNDER DECISION,AI REVIEW,ACCEPT WITH MODIFICATION,10
R028,Internet/AI podczas testu,Proponowane pola dozwolonych narzędzi,Brak jednolitej zasady,AI-allowed/AI-restricted/proctored,§28: nie pokazujemy tych pól,YES — korekta / ograniczenie / niepotwierdzona teza,Brak polityk i pól tak/nie; ograniczanie narzędzi wyłącznie przyszły research,FOUNDER DECISION,FUTURE REVIEW,REJECT — FOUNDER DECISION,"10,20"
R029,Automatyczne ocenianie,Manual/deterministic first,AI pod nadzorem,Objective/AI grading,"§29: obiektywne automatycznie, złożone z human review",NO — zachowanie/doprecyzowanie,Wynik tasku oddzielny od decyzji rekrutacyjnej,FOUNDER DECISION; walidacja TEST FIRST,AI/GDPR GATE,ACCEPT WITH MODIFICATION,"10,17"
R030,Ranking wyników rekrutacji,Ostrożność wobec % ludzi,Uogólniony sprzeciw wobec rankingu,Ranking/AI ryzyko,§30: ranking wyników dozwolony,YES — korekta / ograniczenie / niepotwierdzona teza,Tylko porównywalne wersje i rubryki jednej rekrutacji; człowiek decyduje,FOUNDER DECISION; EVIDENCE CONFLICT,AI/GDPR GATE,ACCEPT WITH MODIFICATION,"10,17"
R031,Skills wallet,Dowody przenośne później; expiry,§18 sprzeciw wobec uniwersalnego paszportu,Portable assessment credentials,§31: Faro standard reusable za zgodą,YES — korekta / ograniczenie / niepotwierdzona teza,Standardowy zakres/wynik/data/wersja; company result nie jest certyfikatem Faro,FOUNDER DECISION; EVIDENCE CONFLICT,GDPR/IP REVIEW,ACCEPT WITH MODIFICATION,"08,10"
R032,Employer reviews,Obiektywne sygnały,Satysfakcja i feedback,Process score,§34: brak publicznych ocen odrzuconych,YES — korekta / ograniczenie / niepotwierdzona teza,"Metryki zdarzeń, nie opinie; prywatne zgłoszenia nadużycia zachowane",FOUNDER DECISION,MODERATION REVIEW,REJECT — FOUNDER DECISION,"12,20"
R033,Free-first,Free core i możliwy płatny pilot,Kandydat bez opłat,Free core,§36: obie strony darmowe,YES — korekta / ograniczenie / niepotwierdzona teza,Cały startowy produkt bezpłatny; zero komunikatu Free Plan,FOUNDER DECISION,TERMS REVIEW,ACCEPT WITH MODIFICATION,"15,16,18"
R034,Employer monetization,WTP i płatny pilot przed skalą,Brak rozstrzygnięcia,Tools not ranking,§37: później po pozycji rynkowej,YES — korekta / ograniczenie / niepotwierdzona teza,"P5 narzędzia po walidacji, nie zasoby lepszych kandydatów",FOUNDER DECISION; WTP UNKNOWN,B2B TERMS REVIEW,ACCEPT WITH MODIFICATION,"04,16,18"
R035,Candidate subscription,Zablokowane prawnie,Usunąć,Możliwe przyszłe narzędzia,§38: nie obecny model,YES — korekta / ograniczenie / niepotwierdzona teza,Brak roadmapy i checkout kandydata,FOUNDER DECISION,FUTURE SEPARATE LEGAL REVIEW,REJECT — FOUNDER DECISION,20
R036,Nationwide,Trójmiasto/operacje jako pierwszy rynek,Nationwide nie usuwa nierówności,Nationwide + cells,§39: publicznie cała Polska,YES — korekta / ograniczenie / niepotwierdzona teza,Żadnego geofence; budżet kampanii można koncentrować w komórkach,FOUNDER DECISION; liquidity risk,MARKETING REVIEW,ACCEPT WITH MODIFICATION,"15,16,18"
R037,Facebook groups,Jednokomórkowy pilot kanałów,Brak rekomendacji kanałowej,Social+jobboards RFP,§40: grupy pracy ważny kanał startu,YES — korekta / ograniczenie / niepotwierdzona teza,Admin-approved organic community; Meta testy; nie scraping członków,FOUNDER DECISION; CAC UNKNOWN,PKE/PLATFORM REVIEW,ACCEPT WITH MODIFICATION,"15,16"
R038,Jobboard inventory/RFP,Źródła i partnerstwa opcjonalne,Brak,RFP do15 jako immediate action,§40: nie główny kanał foundera,YES — korekta / ograniczenie / niepotwierdzona teza,"Zachować intelligence, nie wysyłać RFP jako przyjętego działania",FOUNDER DECISION,OPTIONAL CHANNEL REVIEW,REJECT — FOUNDER DECISION,"16,20"
R039,Brand hierarchy,Konflikt I wiesz/Wiesz,Brak oceny,Umbrella/promise,§43: Twój nawigator + Wiesz co dalej,YES — korekta / ograniczenie / niepotwierdzona teza,"Aktualne hasła; starsze I wiesz historyczne, bez nowego redesignu logo",FOUNDER DECISION,TRADEMARK NOT RECHECKED,ACCEPT WITH MODIFICATION,"03,15"
R040,KRAZ,P0 legal gate,"Najprawdopodobniej nie, bezpłatne/SaaS",NOT VERIFIED,§46: P0 gate,YES — korekta / ograniczenie / niepotwierdzona teza,Nie ma zwolnienia tylko przez darmowość; kwalifikacja funkcji i wpis przed usługą jeśli wymagany,PRIMARY LAW S01,P0 LEGAL GATE,LEGAL REVIEW,"17,18"
R041,AI Act klasyfikacja,Ocena modułowa,Nazywa obowiązujące prawo projektem; wszystko high-risk,Aktualny skan,§46: nie usuwać funkcji z powodu ryzyka,YES — korekta / ograniczenie / niepotwierdzona teza,"Purpose inventory, funkcje osobno; ranking/ocena wymagają analizy high-risk",PRIMARY REGULATOR S04,P0 LEGAL GATE,LEGAL REVIEW,"04,10,17"
R042,Art22/DPIA,Human oversight i DPIA,Art22 jako podstawa; zgoda uniwersalna,Wspomaganie nie rozstrzyga art22,§46: gate,YES — korekta / ograniczenie / niepotwierdzona teza,"Ocena rzeczywistego wpływu, nie samego przycisku człowieka; art6 i art22 osobno",PRIMARY GUIDANCE S05,P0 LEGAL GATE,LEGAL REVIEW,17
R043,Kategorie danych,Minimalizacja i role,Każdy wynik art9; firmy poza GDPR,Ostrożny scan,§0 prawo nadrzędne,YES — korekta / ograniczenie / niepotwierdzona teza,Zwykły wynik SQL nie staje się automatycznie art9; JDG/rekruter to także dane osobowe,GDPR; korekta EB,P0 LEGAL GATE,LEGAL REVIEW,"04,17"
R044,Salary law,Obowiązkowe widełki platformy,Wszystkie ogłoszenia od połowy2026,Executive summary nadmiernie upraszcza termin,§13: salary obligatory,YES — korekta / ograniczenie / niepotwierdzona teza,Polityka Faro ponad minimum; obowiązek info ma ustawowe warianty terminu,PRIMARY LAW S02,CONFIRMED RULE; scope review,ACCEPT WITH MODIFICATION,"09,17"
R045,Kodeks pracy cytaty,Zakaz dyskryminacji,Błędnie art187–188,Prawo pracy scan,§0 prawo nadrzędne,YES — korekta / ograniczenie / niepotwierdzona teza,"Art113,183a–e; art187/188 nie są podstawą zakazu dyskryminacji",PRIMARY LAW S03,CORRECTION CONFIRMED,LEGAL REVIEW,17
R046,ESCO,Mała ręczna taksonomia,Standardy potrzebne,ESCO PL + aliases,§47: nie od zera,YES — korekta / ograniczenie / niepotwierdzona teza,Stabilne URI i wersja; license manifest per dataset/pillar,PRIMARY DATA/LICENSE S06,LICENSE GATE,ACCEPT WITH MODIFICATION,"08,17"
R047,INFOdoradca/ZRK/O*NET,Nie rdzeń,Brak,Enrichment,§47: sprawdzić prawa,YES — korekta / ograniczenie / niepotwierdzona teza,O*NET DB CC BY4 z obowiązkami; ZRK/INFO dostępność nie jest licencją,PRIMARY LICENSE S07; PL NOT VERIFIED,LICENSE GATE,ACCEPT WITH MODIFICATION,"08,17"
R048,Routing/tariff,Koszty nie gotowe,Dojazd ma znaczenie,Osobne źródła i fallback,§48: warstwy oddzielne,NO — zachowanie/doprecyzowanie,"Nieznana taryfa=null, nie0; transitFare nie zawsze dostępne",PRIMARY DOC S08,LICENSE REVIEW,ACCEPT WITH MODIFICATION,13
R049,Netto engine,Niepełny,Nie waliduje podatków,Versioned rules,§49: netto nie własnością oferty,NO — zachowanie/doprecyzowanie,Scenariusz użytkownika + wersja prawa + zakres niepewności,FOUNDER DECISION; podatki REVIEW,TAX GATE,ACCEPT WITH MODIFICATION,13
R050,Predykcyjność testów,Walidacja lokalna,"r.50 vs .10, 5x i % wykrytych talentów",Kompetencje zamiast etykiet,§42: rzetelna nauka,YES — korekta / ograniczenie / niepotwierdzona teza,Nie utożsamiać CV z latami edukacji; nie dzielić r jako skuteczności; testy wymagają walidacji,S10 meta-analysis; EB UNSUPPORTED NUMBERS,FAIRNESS REVIEW,TEST FIRST,"10,17,21"
R051,Anonimizacja usuwa bias,Nie gwarantowana,"Raz dwukrotnie, raz50%; generalizacja",Częściowa anonimowość,"§3,4 zamknięte",YES — korekta / ograniczenie / niepotwierdzona teza,"Imię i dowody nadal mogą być proxy; monitorować, nie przywracać danych po cichu",S11 experiment; generalizacja LIMITED,FAIRNESS REVIEW,TEST FIRST,"05,21"
R052,Statystyki rynku EB,Własne wyniki nieistniejące,78/44/79/93/82% bez linków,Wiele market claims NOT VERIFIED,§0 dowody wymagane,YES — korekta / ograniczenie / niepotwierdzona teza,"Kwarantanna liczbowych tez do oryginału, próby, daty i metodologii",UNVERIFIED,MARKETING CLAIMS,TEST FIRST,"01,15,21"
R053,Neuromarketing,Bez mitów,Processing fluency bez konkretnych badań,Copy opportunity,§42 rzetelnie,YES — korekta / ograniczenie / niepotwierdzona teza,"Mechanizmy jako hipotezy UX, nie recepta neuro; brak95%/dopamine hacks",MYTH/DO NOT USE; reszta HYPOTHESIS,NO SPECIAL CLAIM,ACCEPT WITH MODIFICATION,"15,21"
R054,Accommodations,Osobny moduł i równoważne ścieżki,Dostępność ważna,Accessible tests,§35: specjalny moduł nie zatwierdzony,YES — korekta / ograniczenie / niepotwierdzona teza,Nie budować specjalnego modułu; podstawowa dostępność i prawny obowiązek dostosowań pozostają,FOUNDER DECISION / LEGAL CONFLICT CHECK,P0 LEGAL REVIEW,ACCEPT WITH MODIFICATION,"10,14,17,20"
R055,Łączny czas testów,Limity30/60min,Assessment fatigue,Cumulative cap,§35: narzucony system odrzucony,YES — korekta / ograniczenie / niepotwierdzona teza,Jawny czas per test i zgłoszenie nadużycia; brak globalnego limitera,FOUNDER DECISION,FAIRNESS REVIEW,REJECT — FOUNDER DECISION,"10,20"
R056,Wygasanie kompetencji,Expiry dowodów12m sugerowane,Certyfikacja ryzykiem,Assessment expiry,§35: nie feature,YES — korekta / ograniczenie / niepotwierdzona teza,Data i wersja widoczne; brak automatycznej utraty skill; retention osobno,FOUNDER DECISION,RETENTION REVIEW,REJECT — FOUNDER DECISION,"08,10,20"
R057,Bank/losowanie pytań,Zabezpieczenia/test variants,Brak konkretu,Antigaming variations,§35: nie core,YES — korekta / ograniczenie / niepotwierdzona teza,Nie budować teraz; wersjonowanie nie oznacza banku losującego,FOUNDER DECISION,FUTURE REVIEW,REJECT — FOUNDER DECISION,20
R058,Simulation / struktura rozmowy,Assessment samples nie pełna symulacja,Work samples i structured interview dobrze rokują,Nowe tools,§35: nie przyjęty core,YES — korekta / ograniczenie / niepotwierdzona teza,Brak produktu Spróbuj pracy i generatora rozmów; syntetyczne zadanie assessment to inny zakres,FOUNDER DECISION,FUTURE REVIEW,REJECT — FOUNDER DECISION,20
R059,Global person score,Zakaz,Ryzyko automation bias,Unclear process score,"§7,30,35 zakaz",YES — korekta / ograniczenie / niepotwierdzona teza,Brak Potential/Life/global ranking; lokalne wyniki testu dozwolone warunkowo,FOUNDER DECISION,AI/GDPR REVIEW,REJECT — FOUNDER DECISION,"03,10,20"
R060,Mutual intent handshake,Interest i accept już istnieją,Brak,Nowa opportunity,Brak akceptacji nowej bramki,YES — korekta / ograniczenie / niepotwierdzona teza,Sprawdzić czy istniejące interest/accept wystarczają; nie dodawać obowiązkowego kliknięcia,HYPOTHESIS,UX/TERMS REVIEW,TEST FIRST,21
R061,Requirement quality checker,Podpowiedzi kreatora,Limit MUST sugerowany,AI checker,"Rozróżnienie MUST/NICE/TEACH, bez liczbowego limitu",YES — korekta / ograniczenie / niepotwierdzona teza,Proste uzasadnienie wymogu w core; osobny AI checker FUTURE,HYPOTHESIS,EQUALITY REVIEW,FUTURE RESEARCH,"20,21"
R062,Anti-AI-spam,Rate limits i moderacja,Gaming deklaracji,Anti-bulk apply,Brak autoodrzucania i obowiązkowego proctoringu,YES — korekta / ograniczenie / niepotwierdzona teza,Proporcjonalne limity nadużyć; brak kary za samą poprawność tekstu czy użycie AI,HYPOTHESIS,GDPR REVIEW,ACCEPT WITH MODIFICATION,"04,12"
R063,Bezpieczeństwo/tenant isolation,RBAC/private files/outbox,Ogólne szyfrowanie,Brak pełnego audytu,§0 bezpieczeństwo nadrzędne,NO — zachowanie/doprecyzowanie,Zachować foundation; employer projection i private wallet grant doprecyzować,"BASELINE AUDIT, nie nowy test",SECURITY GATE,ACCEPT WITH MODIFICATION,"04,17"
R064,External sources,Rights registry91sources,Brak nowej analizy,"Źródła, partnerstwa",Natywne oferty główne,NO — zachowanie/doprecyzowanie,Rights registry nadal gate; jobgroup marketing nie uprawnia do kopiowania postów/ofert,BASELINE + FOUNDER,LICENSE GATE,ACCEPT WITH MODIFICATION,"04,16,17"
R065,Koszt paliwa przykład,Brak,Brak,38km×21×7.1/100×7.89 opisano~471zł,§21: nie udawać precyzji,YES — korekta / ograniczenie / niepotwierdzona teza,Arytmetyka daje447.03; prezentować około450zł przy tych hipotetycznych danych,CALCULATION VERIFIED,Nie aktualna cena paliwa,ACCEPT WITH MODIFICATION,"13,21"
R066,Konkurencja/ceny/startupy,Benchmark historyczny,Przykłady bez linków,23vendorów i startupy,"Nie kopiować, nie nowy audyt",YES — korekta / ograniczenie / niepotwierdzona teza,Zachować intel z datą i etykietą źródła; ceny nie są WTP Faro,VENDOR CLAIM / NOT VERIFIED,LICENSE/PROCUREMENT REVIEW,TEST FIRST,"16,21"
R067,Marketing eksperymenty,Warianty obietnicy,A/B ukrywania warunków/tożsamości,8–12landingów,"§2–4,13,43 zamknięte",YES — korekta / ograniczenie / niepotwierdzona teza,Testować układ i zrozumienie; nie łamać NO CV/salary/privacy w live A/B,FOUNDER DECISION,EXPERIMENT REVIEW,ACCEPT WITH MODIFICATION,"15,21"
R068,First-job a małoletni,Nierozstrzygnięte,Nie analizuje dostawcyAI,Brak decyzji,Początkujący w zakresie,YES — korekta / ograniczenie / niepotwierdzona teza,Osobny gate wieku/umów/dostawcy; nie wprowadzać po cichu18+ całego Faro,PRIMARY TERMS S12,P0 LEGAL GATE,LEGAL REVIEW,"04,05,17"
R069,Widoczność100/50/25,Odrzucone sztywne mnożniki,Masowe odmowy failuremode,Reliability score,Symetria i wzorce,YES — korekta / ograniczenie / niepotwierdzona teza,Pauza nieaktualnej oferty i sprawa moderacyjna; reputacja nie zmienia skillmatch,GAME-THEORY HYPOTHESIS,MODERATION REVIEW,ACCEPT WITH MODIFICATION,12
R070,No-pay-to-win,Twardy invariant,Brak osobnej krytyki,Trust conflict,§37 billing nieinput,NO — zachowanie/doprecyzowanie,"Oddziel entitlements i ranking także pośrednio: cache,tie-break,featured,lepszy dostęp",FOUNDER DECISION,COMMERCIAL TERMS,ACCEPT WITH MODIFICATION,"04,16"
R071,MVP vs wizja,Wąski pilot,Iteracyjne testy,Wiele utilities jednocześnie,§57 nie wszystkoMVP,NO — zachowanie/doprecyzowanie,"MVP proces i jawność; economics,wallet,assessment etapami bez usuwania z wizji",FOUNDER DECISION; sequencing proposal,GATES PER MODULE,ACCEPT WITH MODIFICATION,"18,19"
